Date,Open,High,Low,Close,Volume,Dividends,Stock Splits
2017-01-03,75.31,76.99,74.63,75.66,1101800,0.0,0.0
2017-01-04,76.09,78.98,75.89,78.83,2015300,0.0,0.0
2017-01-05,78.71,79.67,78.34,79.13,1564000,0.0,0.0
2017-01-06,79.24,82.39,78.9,82.1,1686600,0.0,0.0
2017-01-09,81.8,82.57,81.3,82.0,1339200,0.0,0.0
2017-01-10,82.25,82.43,81.14,81.67,1268800,0.0,0.0
2017-01-11,81.26,84.9,81.26,83.9,2084700,0.0,0.0
2017-01-12,83.02,83.76,80.91,83.46,1398000,0.0,0.0
2017-01-13,83.82,84.0,82.63,83.53,745800,0.0,0.0
2017-01-17,83.08,83.25,81.29,81.41,879900,0.0,0.0
2017-01-18,83.01,84.35,82.69,82.85,1466100,0.0,0.0
2017-01-19,82.96,83.6,82.39,82.7,1302100,0.0,0.0
2017-01-20,83.12,84.27,83.11,83.4,1251900,0.0,0.0
2017-01-23,83.84,83.91,82.26,83.25,988800,0.0,0.0
2017-01-24,83.86,84.59,82.14,83.97,1487800,0.0,0.0
2017-01-25,84.91,86.96,84.49,86.36,2686400,0.0,0.0
2017-01-26,92.01,92.98,89.41,89.48,4369400,0.0,0.0
2017-01-27,89.01,90.5,88.71,90.09,1980900,0.0,0.0
2017-01-30,89.6,90.33,88.01,90.12,1585700,0.0,0.0
2017-01-31,90.1,90.67,88.95,90.62,1326900,0.0,0.0
2017-02-01,91.17,91.17,89.39,89.7,2884200,0.0,0.0
2017-02-02,89.25,89.84,88.23,88.86,2125400,0.0,0.0
2017-02-03,89.18,89.99,89.12,89.47,2454800,0.0,0.0
2017-02-06,89.19,90.71,88.63,90.5,1441700,0.0,0.0
2017-02-07,90.81,91.16,90.35,90.66,1646900,0.0,0.0
2017-02-08,89.76,90.44,89.39,90.09,1887300,0.0,0.0
2017-02-09,90.14,92.31,90.01,92.3,1820000,0.0,0.0
2017-02-10,92.58,92.82,91.7,92.46,1647400,0.0,0.0
2017-02-13,92.18,92.5,91.5,91.74,959800,0.0,0.0
2017-02-14,91.68,93.3,91.35,92.89,1422500,0.0,0.0
2017-02-15,92.44,94.72,92.33,93.97,1584500,0.0,0.0
2017-02-16,93.94,94.19,91.54,91.85,1411200,0.0,0.0
2017-02-17,91.87,92.97,91.23,92.74,1117000,0.0,0.0
2017-02-21,93.02,93.51,92.17,93.18,617700,0.0,0.0
2017-02-22,92.71,93.67,92.17,92.98,547700,0.0,0.0
2017-02-23,93.36,93.4,91.41,92.65,832000,0.0,0.0
2017-02-24,91.6,92.39,90.66,91.82,1038200,0.0,0.0
2017-02-27,90.61,90.61,86.93,87.75,5592700,0.0,0.0
2017-02-28,87.22,88.28,86.82,86.92,2168300,0.0,0.0
2017-03-01,88.02,88.99,86.74,88.89,3165800,0.0,0.0
2017-03-02,89.09,89.14,86.24,86.34,1411400,0.0,0.0
2017-03-03,86.03,87.19,86.01,86.47,1189500,0.0,0.0
2017-03-06,85.93,86.77,85.56,86.26,1419200,0.0,0.0
2017-03-07,86.33,87.69,86.1,87.06,1478600,0.0,0.0
2017-03-08,87.32,88.27,86.98,87.29,794000,0.0,0.0
2017-03-09,87.31,88.13,86.39,87.83,893200,0.0,0.0
2017-03-10,88.27,88.59,86.9,88.03,857100,0.0,0.0
2017-03-13,88.09,88.86,87.66,88.64,1292800,0.0,0.0
2017-03-14,88.49,88.61,86.68,87.47,1142600,0.0,0.0
2017-03-15,87.88,88.77,87.29,88.41,1020700,0.0,0.0
2017-03-16,88.79,89.37,88.49,88.8,953600,0.0,0.0
2017-03-17,89.05,89.47,88.51,88.71,1006900,0.0,0.0
2017-03-20,88.85,88.95,87.75,88.11,621300,0.0,0.0
2017-03-21,88.8,89.0,83.79,83.93,2410100,0.0,0.0
2017-03-22,83.85,85.19,83.46,85.04,1423400,0.0,0.0
2017-03-23,85.12,85.81,84.13,84.4,860100,0.0,0.0
2017-03-24,85.04,85.69,84.31,84.81,818600,0.0,0.0
2017-03-27,84.24,85.59,83.42,84.87,906200,0.0,0.0
2017-03-28,85.4,86.37,84.83,86.0,940400,0.0,0.0
2017-03-29,86.28,87.88,86.1,87.61,1438400,0.0,0.0
2017-03-30,87.44,87.7,86.81,86.94,771800,0.0,0.0
2017-03-31,86.82,88.0,86.38,87.47,910600,0.0,0.0
2017-04-03,87.6,88.36,85.41,86.22,1249800,0.0,0.0
2017-04-04,86.06,87.38,85.2,85.29,1176800,0.0,0.0
2017-04-05,85.99,87.68,85.41,85.66,1416300,0.0,0.0
2017-04-06,85.75,86.42,85.1,86.19,673600,0.0,0.0
2017-04-07,85.9,86.57,85.52,86.02,767000,0.0,0.0
2017-04-10,85.95,86.39,85.42,85.53,671400,0.0,0.0
2017-04-11,85.35,85.99,84.82,85.39,939000,0.0,0.0
2017-04-12,85.01,85.71,84.03,84.49,873700,0.0,0.0
2017-04-13,84.37,85.2,84.34,84.64,1131900,0.0,0.0
2017-04-17,85.04,86.42,84.92,86.41,1118200,0.0,0.0
2017-04-18,86.0,87.67,85.93,87.6,1381700,0.0,0.0
2017-04-19,87.96,88.4,87.65,88.15,1194700,0.0,0.0
2017-04-20,88.49,88.49,87.46,88.26,1352000,0.0,0.0
2017-04-21,88.8,89.43,88.08,88.32,1076500,0.0,0.0
2017-04-24,89.67,89.67,88.35,89.42,1312000,0.0,0.0
2017-04-25,89.92,90.8,89.56,90.24,1417600,0.0,0.0
2017-04-26,90.43,91.21,89.03,90.92,2814900,0.0,0.0
2017-04-27,96.28,96.92,93.3,94.33,4690400,0.0,0.0
2017-04-28,94.3,95.32,92.94,94.48,2342100,0.0,0.0
2017-05-01,94.64,95.44,93.71,94.93,2741300,0.0,0.0
2017-05-02,94.82,95.1,93.77,94.96,1170400,0.0,0.0
2017-05-03,94.69,95.15,93.73,94.11,982400,0.0,0.0
2017-05-04,94.59,96.3,94.15,96.02,1515800,0.0,0.0
2017-05-05,96.12,98.19,96.12,98.07,1817900,0.0,0.0
2017-05-08,97.68,99.09,97.15,97.9,2173100,0.0,0.0
2017-05-09,98.16,98.47,96.96,97.33,1585900,0.0,0.0
2017-05-10,97.22,97.57,96.36,96.47,1210000,0.0,0.0
2017-05-11,96.5,96.92,95.5,96.76,1100200,0.0,0.0
2017-05-12,96.81,97.35,95.99,96.9,966100,0.0,0.0
2017-05-15,97.24,98.61,96.91,97.95,892500,0.0,0.0
2017-05-16,98.76,100.19,97.81,100.18,1846000,0.0,0.0
2017-05-17,98.7,99.4,98.06,98.55,3629800,0.0,0.0
2017-05-18,97.88,99.1,97.35,98.97,2842100,0.0,0.0
2017-05-19,99.5,100.72,99.23,99.3,2131800,0.0,0.0
2017-05-22,99.81,102.23,99.76,101.7,2087400,0.0,0.0
2017-05-23,101.37,101.76,100.06,101.7,2338300,0.0,0.0
2017-05-24,102.53,103.92,101.83,103.0,5772500,0.0,0.0
2017-05-25,103.7,105.29,103.55,104.52,1770700,0.0,0.0
2017-05-26,104.0,106.73,103.53,106.03,2988200,0.0,0.0
2017-05-30,105.42,106.8,104.82,105.36,1612300,0.0,0.0
2017-05-31,105.51,105.79,103.81,104.65,2230600,0.0,0.0
2017-06-01,105.18,106.55,104.32,106.51,2626100,0.0,0.0
2017-06-02,106.56,107.55,105.73,107.3,1464100,0.0,0.0
2017-06-05,107.39,108.43,107.15,107.43,1598000,0.0,0.0
2017-06-06,107.08,108.63,106.89,107.87,1517200,0.0,0.0
2017-06-07,108.0,108.49,107.07,108.19,1934000,0.0,0.0
2017-06-08,108.17,109.78,107.77,109.68,1843100,0.0,0.0
2017-06-09,109.75,110.66,101.82,103.74,3859200,0.0,0.0
2017-06-12,102.2,103.69,99.5,102.32,4478100,0.0,0.0
2017-06-13,103.55,103.89,101.3,102.22,2071500,0.0,0.0
2017-06-14,102.76,104.14,100.75,102.16,2139100,0.0,0.0
2017-06-15,99.95,101.82,99.01,101.26,2348700,0.0,0.0
2017-06-16,101.59,102.21,100.69,101.2,1557700,0.0,0.0
2017-06-19,102.24,104.18,101.96,103.6,1552000,0.0,0.0
2017-06-20,103.83,105.3,102.78,103.01,1922000,0.0,0.0
2017-06-21,103.82,105.82,103.36,105.62,1734600,0.0,0.0
2017-06-22,105.94,108.08,104.66,106.93,2327700,0.0,0.0
2017-06-23,106.99,108.55,106.47,107.79,2329600,0.0,0.0
2017-06-26,107.9,108.79,106.78,108.35,2229000,0.0,0.0
2017-06-27,107.9,109.0,106.41,106.77,3355800,0.0,0.0
2017-06-28,107.47,109.13,106.71,108.81,2611300,0.0,0.0
2017-06-29,108.47,108.81,104.51,105.82,2365400,0.0,0.0
2017-06-30,106.14,106.68,104.82,106.0,1538900,0.0,0.0
2017-07-03,106.55,106.55,103.22,103.58,1209900,0.0,0.0
2017-07-05,104.34,105.64,104.13,105.11,1758300,0.0,0.0
2017-07-06,104.05,105.7,103.8,104.54,1664700,0.0,0.0
2017-07-07,104.53,106.85,104.53,106.29,1585800,0.0,0.0
2017-07-10,106.66,108.47,106.29,108.19,1381500,0.0,0.0
2017-07-11,107.73,110.0,107.18,109.2,1633800,0.0,0.0
2017-07-12,110.0,113.01,109.58,112.26,1756500,0.0,0.0
2017-07-13,112.68,112.97,111.12,111.23,1545600,0.0,0.0
2017-07-14,108.8,110.71,108.05,110.38,3089300,0.0,0.0
2017-07-17,110.74,111.19,109.32,110.0,1929300,0.0,0.0
2017-07-18,109.83,111.05,109.23,110.78,1673300,0.0,0.0
2017-07-19,111.0,111.68,110.1,110.12,1501600,0.0,0.0
2017-07-20,110.15,110.65,109.03,109.84,1634300,0.0,0.0
2017-07-21,109.88,109.93,107.58,108.19,2151600,0.0,0.0
2017-07-24,108.38,108.5,107.31,107.95,2248500,0.0,0.0
2017-07-25,108.11,108.18,106.8,107.78,1904000,0.0,0.0
2017-07-26,107.96,110.11,107.86,109.72,2874500,0.0,0.0
2017-07-27,115.13,115.85,108.21,110.54,5051400,0.0,0.0
2017-07-28,109.75,111.67,108.9,111.65,2083400,0.0,0.0
2017-07-31,111.87,112.36,108.95,110.45,2055700,0.0,0.0
2017-08-01,110.88,111.76,110.1,110.75,1557000,0.0,0.0
2017-08-02,110.82,110.92,105.89,107.17,1944900,0.0,0.0
2017-08-03,107.27,107.79,105.93,107.12,1566200,0.0,0.0
2017-08-04,107.39,109.82,107.11,109.71,1780600,0.0,0.0
2017-08-07,109.65,109.75,108.47,108.76,1009600,0.0,0.0
2017-08-08,108.21,108.46,107.11,107.68,801400,0.0,0.0
2017-08-09,106.87,107.86,106.63,107.33,894300,0.0,0.0
2017-08-10,106.77,107.0,103.0,104.42,1706900,0.0,0.0
2017-08-11,104.93,106.83,104.24,106.05,957000,0.0,0.0
2017-08-14,106.85,108.57,106.32,107.9,973000,0.0,0.0
2017-08-15,107.75,108.35,106.71,107.31,920300,0.0,0.0
2017-08-16,107.89,109.83,107.57,109.5,899500,0.0,0.0
2017-08-17,109.04,109.69,106.74,106.86,1245200,0.0,0.0
2017-08-18,106.83,108.66,106.28,107.23,979800,0.0,0.0
2017-08-21,107.02,108.97,107.02,108.81,1114200,0.0,0.0
2017-08-22,109.0,110.77,108.86,110.41,1249900,0.0,0.0
2017-08-23,109.3,110.98,108.84,109.84,974200,0.0,0.0
2017-08-24,110.07,110.93,109.61,110.67,728400,0.0,0.0
2017-08-25,110.95,112.68,110.45,110.59,1197900,0.0,0.0
2017-08-28,111.0,112.11,109.7,111.91,1193200,0.0,0.0
2017-08-29,110.62,112.2,110.14,111.75,1006400,0.0,0.0
2017-08-30,111.61,115.81,111.61,114.27,1304400,0.0,0.0
2017-08-31,114.55,116.54,114.51,116.19,1465600,0.0,0.0
2017-09-01,116.3,116.51,114.53,115.49,958400,0.0,0.0
2017-09-05,115.58,116.4,114.41,116.15,1021100,0.0,0.0
2017-09-06,116.39,116.7,114.08,114.68,1111700,0.0,0.0
2017-09-07,115.33,118.64,115.33,117.78,1588000,0.0,0.0
2017-09-08,117.62,118.63,116.38,116.4,1246700,0.0,0.0
2017-09-11,117.71,118.63,117.4,117.67,1690300,0.0,0.0
2017-09-12,117.94,118.17,115.14,116.26,1323700,0.0,0.0
2017-09-13,116.17,116.89,115.69,116.05,1025300,0.0,0.0
2017-09-14,115.5,116.72,114.5,115.96,1593500,0.0,0.0
2017-09-15,116.49,116.84,114.76,116.11,1001600,0.0,0.0
2017-09-18,116.63,117.66,115.96,116.51,1127800,0.0,0.0
2017-09-19,116.85,116.97,115.94,116.68,1238700,0.0,0.0
2017-09-20,116.42,116.75,114.2,115.4,1086200,0.0,0.0
2017-09-21,115.29,115.64,113.93,115.02,857500,0.0,0.0
2017-09-22,114.76,116.14,114.68,115.81,630300,0.0,0.0
2017-09-25,115.8,115.85,111.41,111.84,1333100,0.0,0.0
2017-09-26,112.88,112.95,110.17,111.79,1529700,0.0,0.0
2017-09-27,112.49,116.58,112.43,115.5,1771400,0.0,0.0
2017-09-28,115.19,116.72,114.71,116.65,1045200,0.0,0.0
2017-09-29,116.81,117.79,116.2,117.53,1145700,0.0,0.0
2017-10-02,117.65,118.46,116.22,116.8,1511700,0.0,0.0
2017-10-03,116.8,118.29,116.45,117.83,726800,0.0,0.0
2017-10-04,118.15,118.26,116.63,118.06,660200,0.0,0.0
2017-10-05,118.31,119.47,117.1,119.38,951900,0.0,0.0
2017-10-06,118.73,121.76,118.55,121.75,1285600,0.0,0.0
2017-10-09,122.0,122.45,120.86,121.33,1131700,0.0,0.0
2017-10-10,121.88,122.03,120.14,120.96,788100,0.0,0.0
2017-10-11,120.86,121.07,119.27,120.68,812200,0.0,0.0
2017-10-12,120.42,122.42,120.42,121.97,1441000,0.0,0.0
2017-10-13,122.88,123.13,121.71,122.29,826500,0.0,0.0
2017-10-16,122.25,122.67,121.36,121.4,834800,0.0,0.0
2017-10-17,121.54,122.8,121.0,122.75,1084200,0.0,0.0
2017-10-18,123.21,123.58,120.67,120.77,1134000,0.0,0.0
2017-10-19,120.48,120.87,118.96,120.81,1066400,0.0,0.0
2017-10-20,121.4,124.87,120.85,124.82,1793000,0.0,0.0
2017-10-23,128.99,129.56,123.4,123.99,1846800,0.0,0.0
2017-10-24,124.49,126.28,123.27,125.89,2054200,0.0,0.0
2017-10-25,126.72,127.75,124.28,124.62,3199900,0.0,0.0
2017-10-26,119.98,127.34,118.5,126.14,4291700,0.0,0.0
2017-10-27,126.0,126.78,122.91,125.73,2629300,0.0,0.0
2017-10-30,125.28,125.85,123.94,125.05,1132000,0.0,0.0
2017-10-31,125.11,126.8,124.77,126.37,1457500,0.0,0.0
2017-11-01,127.2,127.5,123.2,124.51,1137500,0.0,0.0
2017-11-02,123.92,125.0,122.66,124.34,864900,0.0,0.0
2017-11-03,124.25,125.45,123.15,124.91,1151000,0.0,0.0
2017-11-06,125.5,125.99,124.43,124.73,777400,0.0,0.0
2017-11-07,125.0,125.84,123.74,125.53,1031100,0.0,0.0
2017-11-08,124.42,127.95,124.3,127.62,1639200,0.0,0.0
2017-11-09,127.4,127.4,124.1,125.55,909200,0.0,0.0
2017-11-10,125.15,126.3,125.05,125.98,958500,0.0,0.0
2017-11-13,124.6,125.23,123.44,125.03,893800,0.0,0.0
2017-11-14,124.86,125.2,123.73,124.48,954200,0.0,0.0
2017-11-15,123.46,124.9,122.01,123.32,622200,0.0,0.0
2017-11-16,123.57,126.37,123.51,125.72,1150400,0.0,0.0
2017-11-17,125.84,127.63,125.41,127.54,1124400,0.0,0.0
2017-11-20,127.53,129.48,127.48,127.67,999100,0.0,0.0
2017-11-21,128.18,130.05,127.83,128.07,1756300,0.0,0.0
2017-11-22,127.92,128.87,127.29,127.45,530200,0.0,0.0
2017-11-24,128.08,128.8,128.0,128.3,506200,0.0,0.0
2017-11-27,128.5,128.76,126.54,126.99,832400,0.0,0.0
2017-11-28,127.03,127.03,125.3,126.63,1105500,0.0,0.0
2017-11-29,125.86,126.73,120.36,120.59,2708800,0.0,0.0
2017-11-30,120.98,123.71,120.15,123.0,1607500,0.0,0.0
2017-12-01,122.55,123.81,121.04,122.66,1239800,0.0,0.0
2017-12-04,123.6,123.67,113.33,113.62,3974800,0.0,0.0
2017-12-05,116.39,119.38,112.84,116.2,2203300,0.0,0.0
2017-12-06,115.47,118.16,114.81,117.76,1658000,0.0,0.0
2017-12-07,117.84,121.39,117.36,121.0,1823200,0.0,0.0
2017-12-08,122.1,123.87,121.53,121.81,1025000,0.0,0.0
2017-12-11,122.41,123.66,122.25,123.09,2546800,0.0,0.0
2017-12-12,122.64,123.15,120.16,121.01,2216700,0.0,0.0
2017-12-13,121.66,123.51,121.66,123.37,1456000,0.0,0.0
2017-12-14,123.87,126.21,123.62,126.17,1894800,0.0,0.0
2017-12-15,125.96,129.52,125.87,129.5,1910900,0.0,0.0
2017-12-18,130.59,131.11,130.17,130.69,2293200,0.0,0.0
2017-12-19,130.04,130.66,128.71,129.96,2297500,0.0,0.0
2017-12-20,130.19,130.51,128.11,129.0,1513200,0.0,0.0
2017-12-21,129.18,129.74,128.51,128.97,1670600,0.0,0.0
2017-12-22,128.75,129.33,127.84,129.19,1130100,0.0,0.0
2017-12-26,128.96,129.91,128.23,129.32,745700,0.0,0.0
2017-12-27,129.54,130.88,129.05,130.26,841100,0.0,0.0
2017-12-28,130.8,130.9,129.64,130.69,973400,0.0,0.0
2017-12-29,130.54,131.26,130.17,130.39,676000,0.0,0.0
2018-01-02,131.0,132.35,130.14,131.73,1282700,0.0,0.0
2018-01-03,132.0,133.25,131.74,132.91,1580900,0.0,0.0
2018-01-04,133.88,135.09,133.78,133.85,1361900,0.0,0.0
2018-01-05,134.95,135.13,133.9,135.01,1183000,0.0,0.0
2018-01-08,135.05,136.09,134.87,135.3,1337200,0.0,0.0
2018-01-09,135.65,136.4,134.62,135.45,1305800,0.0,0.0
2018-01-10,134.96,136.41,134.36,136.23,1903700,0.0,0.0
2018-01-11,136.59,137.78,136.24,137.58,1515700,0.0,0.0
2018-01-12,137.64,139.06,137.08,138.19,1199700,0.0,0.0
2018-01-16,141.32,141.66,139.21,139.79,3150300,0.0,0.0
2018-01-17,140.83,140.93,139.0,140.79,1775400,0.0,0.0
2018-01-18,140.75,141.48,140.0,141.13,1292800,0.0,0.0
2018-01-19,141.23,142.52,141.02,142.27,1605200,0.0,0.0
2018-01-22,142.33,144.08,141.76,143.9,1379500,0.0,0.0
2018-01-23,144.59,144.99,143.56,144.43,1374400,0.0,0.0
2018-01-24,144.42,146.67,144.37,145.44,1432500,0.0,0.0
2018-01-25,146.89,146.9,145.42,145.54,1220700,0.0,0.0
2018-01-26,147.16,149.82,146.38,149.74,1474600,0.0,0.0
2018-01-29,149.59,150.85,146.83,147.09,2414800,0.0,0.0
2018-01-30,146.07,147.44,145.63,146.59,2369500,0.0,0.0
2018-01-31,148.68,150.1,147.76,148.87,2881300,0.0,0.0
2018-02-01,151.76,156.54,151.33,152.81,4230800,0.0,0.0
2018-02-02,150.51,151.94,147.33,149.76,2826700,0.0,0.0
2018-02-05,147.29,157.0,145.43,147.39,3788700,0.0,0.0
2018-02-06,144.91,149.38,143.49,149.02,2963100,0.0,0.0
2018-02-07,148.62,154.03,148.07,153.17,2462800,0.0,0.0
2018-02-08,153.0,153.5,140.1,140.1,3737300,0.0,0.0
2018-02-09,142.14,146.76,137.6,145.16,2836200,0.0,0.0
2018-02-12,146.97,148.63,145.24,147.24,1614800,0.0,0.0
2018-02-13,146.04,148.32,145.57,147.55,1431500,0.0,0.0
2018-02-14,147.27,149.0,146.3,147.74,1852100,0.0,0.0
2018-02-15,148.95,152.79,147.8,152.54,1881300,0.0,0.0
2018-02-16,151.93,156.19,151.18,154.03,1896300,0.0,0.0
2018-02-20,152.9,158.13,152.03,156.76,1755300,0.0,0.0
2018-02-21,156.36,160.73,156.31,157.58,1924000,0.0,0.0
2018-02-22,157.78,159.31,155.69,156.05,1170300,0.0,0.0
2018-02-23,156.86,160.63,156.86,160.4,1035800,0.0,0.0
2018-02-26,160.8,162.64,159.66,160.57,1205100,0.0,0.0
2018-02-27,161.27,164.24,160.75,163.34,1997900,0.0,0.0
2018-02-28,163.27,165.68,160.87,161.01,1934800,0.0,0.0
2018-03-01,162.62,164.26,157.88,159.57,2001700,0.0,0.0
2018-03-02,158.65,167.1,157.53,166.67,2189600,0.0,0.0
2018-03-05,164.76,169.19,163.81,168.3,2047100,0.0,0.0
2018-03-06,169.4,171.91,168.41,171.07,2735000,0.0,0.0
2018-03-07,169.45,174.19,169.38,173.06,1654500,0.0,0.0
2018-03-08,174.68,175.65,172.4,172.99,1851400,0.0,0.0
2018-03-09,174.34,174.99,172.46,172.76,2359500,0.0,0.0
2018-03-12,172.76,175.9,171.56,174.43,2120300,0.0,0.0
2018-03-13,175.99,175.99,172.17,173.96,1842600,0.0,0.0
2018-03-14,175.37,176.56,173.49,175.34,1402800,0.0,0.0
2018-03-15,175.96,176.0,170.91,173.83,1657200,0.0,0.0
2018-03-16,174.82,175.0,169.07,169.98,2442400,0.0,0.0
2018-03-19,169.8,172.78,167.42,169.81,1974800,0.0,0.0
2018-03-20,169.87,173.37,169.23,172.11,3001100,0.0,0.0
2018-03-21,171.99,176.2,171.5,173.19,1900400,0.0,0.0
2018-03-22,171.34,172.83,168.0,168.76,1644300,0.0,0.0
2018-03-23,168.98,169.3,164.52,164.77,2005900,0.0,0.0
2018-03-26,168.55,172.04,167.82,171.45,2042300,0.0,0.0
2018-03-27,173.21,173.38,161.36,162.82,2038500,0.0,0.0
2018-03-28,163.0,164.02,157.16,159.68,3078900,0.0,0.0
2018-03-29,161.6,167.46,160.27,165.45,2261500,0.0,0.0
2018-04-02,164.44,165.85,159.24,161.62,1900300,0.0,0.0
2018-04-03,166.6,167.97,160.07,161.77,1817700,0.0,0.0
2018-04-04,156.5,164.99,156.0,164.69,2060400,0.0,0.0
2018-04-05,166.78,168.16,164.62,165.77,1762700,0.0,0.0
2018-04-06,163.96,166.88,161.24,162.94,1177500,0.0,0.0
2018-04-09,164.56,166.35,162.65,162.89,1237100,0.0,0.0
2018-04-10,166.25,167.43,162.13,166.58,1774600,0.0,0.0
2018-04-11,165.08,168.24,164.47,166.5,2252600,0.0,0.0
2018-04-12,166.73,170.17,166.54,168.57,1554900,0.0,0.0
2018-04-13,170.08,171.3,164.79,166.9,1342000,0.0,0.0
2018-04-16,168.51,170.72,167.27,169.45,1245700,0.0,0.0
2018-04-17,171.0,175.03,171.0,174.54,1700900,0.0,0.0
2018-04-18,175.39,175.54,171.21,174.3,1658900,0.0,0.0
2018-04-19,173.29,174.36,170.89,172.99,1525500,0.0,0.0
2018-04-20,171.69,172.55,167.93,168.9,1861100,0.0,0.0
2018-04-23,169.92,170.23,166.62,167.51,1926300,0.0,0.0
2018-04-24,169.19,169.61,158.17,160.66,3176300,0.0,0.0
2018-04-25,162.45,162.79,157.25,158.0,4104600,0.0,0.0
2018-04-26,160.0,167.61,156.18,165.16,3801300,0.0,0.0
2018-04-27,166.78,167.1,160.37,163.18,2240300,0.0,0.0
2018-04-30,163.18,166.91,163.18,166.14,1890600,0.0,0.0
2018-05-01,165.36,166.74,163.27,165.42,1419700,0.0,0.0
2018-05-02,164.56,167.91,164.19,165.5,1253400,0.0,0.0
2018-05-03,165.79,169.54,164.92,168.73,1945100,0.0,0.0
2018-05-04,168.7,173.09,167.46,171.22,1842800,0.0,0.0
2018-05-07,172.09,176.89,171.84,176.02,2163600,0.0,0.0
2018-05-08,172.61,176.13,170.73,176.03,3157400,0.0,0.0
2018-05-09,177.27,180.98,175.83,180.04,2229100,0.0,0.0
2018-05-10,181.13,182.59,178.54,178.98,3081700,0.0,0.0
2018-05-11,179.22,180.04,177.31,178.87,1527400,0.0,0.0
2018-05-14,178.86,179.5,173.49,173.73,1806000,0.0,0.0
2018-05-15,171.98,174.55,168.79,173.42,1749000,0.0,0.0
2018-05-16,173.01,174.0,170.02,171.15,1606200,0.0,0.0
2018-05-17,171.13,171.94,169.25,171.71,1444300,0.0,0.0
2018-05-18,171.76,174.56,171.5,173.94,1190600,0.0,0.0
2018-05-21,175.27,177.37,170.58,171.45,1083600,0.0,0.0
2018-05-22,172.21,172.84,168.08,170.26,1192700,0.0,0.0
2018-05-23,168.7,174.07,168.7,173.96,1232500,0.0,0.0
2018-05-24,174.07,176.72,172.92,175.52,1551400,0.0,0.0
2018-05-25,175.19,177.49,174.71,176.72,1341100,0.0,0.0
2018-05-29,176.0,177.38,174.61,176.3,1407000,0.0,0.0
2018-05-30,177.32,179.85,176.01,178.47,2221900,0.0,0.0
2018-05-31,178.11,181.41,177.2,177.61,2002600,0.0,0.0
2018-06-01,179.06,181.57,177.3,181.51,1276900,0.0,0.0
2018-06-04,182.57,184.47,181.21,183.5,1541600,0.0,0.0
2018-06-05,184.19,186.95,184.03,186.09,1525700,0.0,0.0
2018-06-06,186.56,187.39,185.36,186.42,1410100,0.0,0.0
2018-06-07,187.0,187.0,174.32,177.45,2853400,0.0,0.0
2018-06-08,177.7,180.02,176.22,178.19,2018100,0.0,0.0
2018-06-11,178.46,180.5,177.05,180.08,1191300,0.0,0.0
2018-06-12,180.56,182.55,179.81,181.84,1420500,0.0,0.0
2018-06-13,183.23,183.95,179.45,181.23,1395600,0.0,0.0
2018-06-14,182.59,187.23,182.51,185.34,2617400,0.0,0.0
2018-06-15,184.97,186.59,181.25,186.35,1717400,0.0,0.0
2018-06-18,185.36,186.71,183.0,186.41,1395200,0.0,0.0
2018-06-19,183.58,184.25,179.31,183.61,1503600,0.0,0.0
2018-06-20,185.0,188.59,184.47,184.76,1718700,0.0,0.0
2018-06-21,185.0,186.57,179.94,180.27,1299900,0.0,0.0
2018-06-22,178.58,178.58,172.51,176.7,2354600,0.0,0.0
2018-06-25,174.43,175.0,169.46,171.39,1923400,0.0,0.0
2018-06-26,172.09,174.14,170.07,170.85,1506300,0.0,0.0
2018-06-27,172.21,175.74,167.36,167.97,1942700,0.0,0.0
2018-06-28,167.84,173.8,167.5,172.41,1489200,0.0,0.0
2018-06-29,174.0,175.25,171.56,172.47,1053100,0.0,0.0
2018-07-02,171.61,177.69,170.39,177.6,1680100,0.0,0.0
2018-07-03,178.03,179.35,176.57,177.19,757100,0.0,0.0
2018-07-05,178.19,180.45,177.83,179.43,1240600,0.0,0.0
2018-07-06,179.4,183.28,178.64,182.16,781500,0.0,0.0
2018-07-09,183.23,185.26,181.1,184.85,1493500,0.0,0.0
2018-07-10,185.23,186.48,183.39,185.6,1221400,0.0,0.0
2018-07-11,183.37,188.18,183.37,187.18,1371000,0.0,0.0
2018-07-12,188.83,194.81,188.74,194.66,2212300,0.0,0.0
2018-07-13,193.29,193.98,189.24,191.06,1896500,0.0,0.0
2018-07-16,191.96,192.0,188.3,189.08,1309400,0.0,0.0
2018-07-17,186.95,191.67,184.23,191.2,1337300,0.0,0.0
2018-07-18,192.0,194.02,190.11,192.01,1540400,0.0,0.0
2018-07-19,191.53,192.73,189.48,190.04,953200,0.0,0.0
2018-07-20,191.01,193.56,190.5,191.08,1439400,0.0,0.0
2018-07-23,190.18,191.35,186.58,190.5,1637500,0.0,0.0
2018-07-24,191.93,192.18,183.44,184.91,2743800,0.0,0.0
2018-07-25,184.57,187.33,183.36,183.86,3592100,0.0,0.0
2018-07-26,181.5,194.67,181.5,192.32,3787900,0.0,0.0
2018-07-27,192.03,192.48,178.35,183.95,3280100,0.0,0.0
2018-07-30,184.0,184.95,178.56,178.81,2439400,0.0,0.0
2018-07-31,179.25,179.99,174.35,175.96,3062900,0.0,0.0
2018-08-01,176.59,180.62,176.0,177.94,1977100,0.0,0.0
2018-08-02,177.0,183.06,176.79,182.84,1833200,0.0,0.0
2018-08-03,183.59,183.65,178.75,180.88,1281900,0.0,0.0
2018-08-06,181.12,184.94,181.12,184.66,1146900,0.0,0.0
2018-08-07,185.0,187.03,184.2,185.74,1047700,0.0,0.0
2018-08-08,185.3,187.22,182.36,186.13,842600,0.0,0.0
2018-08-09,186.81,190.63,186.2,188.34,1210700,0.0,0.0
2018-08-10,186.36,190.0,185.45,187.47,826300,0.0,0.0
2018-08-13,187.01,189.17,184.84,185.02,869800,0.0,0.0
2018-08-14,186.1,186.87,181.76,184.49,1286700,0.0,0.0
2018-08-15,184.17,187.44,180.61,182.73,1261100,0.0,0.0
2018-08-16,184.35,184.52,181.76,182.03,745700,0.0,0.0
2018-08-17,182.0,183.16,178.8,180.83,1656000,0.0,0.0
2018-08-20,180.17,181.92,179.15,181.36,1661500,0.0,0.0
2018-08-21,182.4,184.83,181.82,182.1,1555100,0.0,0.0
2018-08-22,181.48,183.64,181.12,182.41,2050200,0.0,0.0
2018-08-23,182.17,186.23,181.8,184.85,1521200,0.0,0.0
2018-08-24,186.11,194.75,185.28,193.56,2765000,0.0,0.0
2018-08-27,194.0,196.63,192.22,193.25,1711400,0.0,0.0
2018-08-28,193.78,194.77,191.52,194.26,1187000,0.0,0.0
2018-08-29,194.27,201.0,194.27,200.23,2992600,0.0,0.0
2018-08-30,199.5,200.04,196.46,198.45,1805200,0.0,0.0
2018-08-31,198.0,199.44,195.37,196.36,1225300,0.0,0.0
2018-09-04,195.95,200.66,195.3,200.26,1692800,0.0,0.0
2018-09-05,200.0,200.0,188.3,190.76,2704800,0.0,0.0
2018-09-06,191.92,194.33,189.24,193.18,1841300,0.0,0.0
2018-09-07,192.94,198.5,191.33,196.98,1631700,0.0,0.0
2018-09-10,199.88,199.88,195.5,199.01,2147700,0.0,0.0
2018-09-11,198.0,202.72,197.25,199.5,1765000,0.0,0.0
2018-09-12,199.84,203.34,195.29,202.77,1605300,0.0,0.0
2018-09-13,204.0,206.3,203.06,204.58,1472600,0.0,0.0
2018-09-14,204.12,205.34,202.15,202.97,1225500,0.0,0.0
2018-09-17,201.88,201.95,192.65,192.82,2313400,0.0,0.0
2018-09-18,193.02,195.78,191.55,191.88,2295500,0.0,0.0
2018-09-19,191.5,192.61,182.73,186.0,3930000,0.0,0.0
2018-09-20,187.0,188.94,184.25,187.35,2883800,0.0,0.0
2018-09-21,188.37,190.57,187.8,189.69,2880700,0.0,0.0
2018-09-24,187.63,194.07,185.67,193.12,2064800,0.0,0.0
2018-09-25,194.28,198.47,193.94,197.61,2106000,0.0,0.0
2018-09-26,197.61,198.89,194.69,195.71,1332300,0.0,0.0
2018-09-27,196.05,197.5,193.81,195.08,1119700,0.0,0.0
2018-09-28,194.58,197.8,194.55,195.63,1205000,0.0,0.0
2018-10-01,197.25,199.23,193.63,194.61,1338500,0.0,0.0
2018-10-02,195.72,195.97,192.33,192.9,1317000,0.0,0.0
2018-10-03,194.28,198.31,192.26,196.2,1582400,0.0,0.0
2018-10-04,195.49,195.5,184.62,187.44,3489100,0.0,0.0
2018-10-05,187.11,190.12,181.65,186.6,2245000,0.0,0.0
2018-10-08,184.39,185.81,177.27,180.26,2625600,0.0,0.0
2018-10-09,179.9,187.29,179.11,181.41,2397900,0.0,0.0
2018-10-10,180.45,180.83,171.81,172.14,3543700,0.0,0.0
2018-10-11,172.85,178.21,172.14,174.97,3507500,0.0,0.0
2018-10-12,182.32,188.07,180.29,184.45,2940200,0.0,0.0
2018-10-15,184.16,184.25,179.62,180.91,1462700,0.0,0.0
2018-10-16,185.21,193.35,184.66,192.72,2794800,0.0,0.0
2018-10-17,193.11,193.2,188.43,190.26,1910300,0.0,0.0
2018-10-18,189.14,191.54,182.02,185.18,2237700,0.0,0.0
2018-10-19,186.46,187.65,176.66,177.15,2259900,0.0,0.0
2018-10-22,178.91,180.95,174.38,178.84,2732300,0.0,0.0
2018-10-23,174.2,184.66,172.85,181.78,3025100,0.0,0.0
2018-10-24,181.78,183.78,169.65,170.21,3793900,0.0,0.0
2018-10-25,173.4,175.0,162.18,172.63,5153600,0.0,0.0
2018-10-26,164.24,172.16,162.43,166.76,3125200,0.0,0.0
2018-10-29,172.09,173.5,160.66,164.23,2537800,0.0,0.0
2018-10-30,160.0,169.0,157.6,168.5,3131200,0.0,0.0
2018-10-31,174.31,185.12,174.31,181.04,4013100,0.0,0.0
2018-11-01,181.03,184.32,177.06,183.73,1538500,0.0,0.0
2018-11-02,184.87,186.35,178.36,178.78,1527000,0.0,0.0
2018-11-05,178.98,180.73,176.71,180.41,1387500,0.0,0.0
2018-11-06,179.5,182.48,176.26,177.37,1184900,0.0,0.0
2018-11-07,182.35,194.04,180.78,190.83,2994500,0.0,0.0
2018-11-08,190.0,191.58,185.18,186.16,1784400,0.0,0.0
2018-11-09,184.23,184.23,173.91,177.59,2206000,0.0,0.0
2018-11-12,175.2,176.99,166.52,172.37,2667100,0.0,0.0
2018-11-13,174.35,174.87,167.08,168.67,2144200,0.0,0.0
2018-11-14,171.26,172.67,166.85,167.38,1443100,0.0,0.0
2018-11-15,166.67,173.55,166.63,172.97,1602500,0.0,0.0
2018-11-16,170.73,173.88,169.25,171.09,1109300,0.0,0.0
2018-11-19,169.56,169.86,156.09,156.8,3194700,0.0,0.0
2018-11-20,148.99,161.29,147.63,157.24,4098200,0.0,0.0
2018-11-21,160.22,163.0,157.64,159.14,1821700,0.0,0.0
2018-11-23,156.57,161.74,156.5,160.63,577600,0.0,0.0
2018-11-26,164.09,168.27,160.71,167.26,1746600,0.0,0.0
2018-11-27,164.6,166.76,162.11,165.74,1491100,0.0,0.0
2018-11-28,171.25,178.36,170.41,177.87,3112100,0.0,0.0
2018-11-29,176.24,181.81,175.35,179.1,1743500,0.0,0.0
2018-11-30,179.64,186.27,178.52,185.27,3144600,0.0,0.0
2018-12-03,192.05,192.16,184.6,188.09,2408100,0.0,0.0
2018-12-04,185.59,188.68,178.22,180.85,2544500,0.0,0.0
2018-12-06,175.82,187.8,174.0,187.6,2678300,0.0,0.0
2018-12-07,186.94,189.67,179.26,182.38,1749100,0.0,0.0
2018-12-10,181.0,187.77,181.0,184.9,1567300,0.0,0.0
2018-12-11,189.16,189.19,181.72,183.42,2224700,0.0,0.0
2018-12-12,187.0,191.36,185.96,187.64,2289700,0.0,0.0
2018-12-13,189.4,190.76,185.35,188.15,1443700,0.0,0.0
2018-12-14,184.54,187.63,181.46,181.98,1663200,0.0,0.0
2018-12-17,180.01,180.01,170.52,171.47,2315700,0.0,0.0
2018-12-18,173.42,175.62,170.72,173.57,1682500,0.0,0.0
2018-12-19,174.64,181.14,171.13,174.04,2139700,0.0,0.0
2018-12-20,171.84,174.81,160.0,169.92,3198400,0.0,0.0
2018-12-21,170.02,170.49,160.44,162.0,2799600,0.0,0.0
2018-12-24,159.02,163.81,158.0,158.92,896400,0.0,0.0
2018-12-26,159.68,169.67,159.68,169.51,3050700,0.0,0.0
2018-12-27,166.87,178.24,166.5,178.2,2937500,0.0,0.0
2018-12-28,179.61,184.09,175.68,180.33,2442100,0.0,0.0
2018-12-31,182.92,183.27,176.8,178.05,1655400,0.0,0.0
2019-01-02,174.12,180.45,172.46,178.32,2561500,0.0,0.0
2019-01-03,175.12,177.99,168.47,169.12,2468900,0.0,0.0
2019-01-04,173.01,181.49,171.66,179.23,2195700,0.0,0.0
2019-01-07,180.75,188.0,179.4,186.67,1824900,0.0,0.0
2019-01-08,189.75,191.65,184.56,188.11,1609200,0.0,0.0
2019-01-09,185.26,191.29,185.26,190.47,2096000,0.0,0.0
2019-01-10,188.9,190.94,187.55,190.0,1637800,0.0,0.0
2019-01-11,188.1,191.95,186.06,191.69,1646000,0.0,0.0
2019-01-14,187.87,191.08,186.93,188.4,1811100,0.0,0.0
2019-01-15,189.45,190.32,187.58,188.35,2517900,0.0,0.0
2019-01-16,189.52,192.79,187.45,189.59,1451000,0.0,0.0
2019-01-17,186.83,189.44,185.22,186.53,2149300,0.0,0.0
2019-01-18,189.73,191.45,186.63,190.09,1930600,0.0,0.0
2019-01-22,187.78,189.68,184.78,185.7,1506400,0.0,0.0
2019-01-23,187.52,189.82,182.91,183.96,1585300,0.0,0.0
2019-01-24,184.25,187.47,182.46,185.7,1351800,0.0,0.0
2019-01-25,187.61,191.27,185.7,191.08,1425200,0.0,0.0
2019-01-28,188.05,190.16,186.5,187.94,1930400,0.0,0.0
2019-01-29,188.18,188.82,184.01,184.82,1633500,0.0,0.0
2019-01-30,187.19,194.21,187.01,194.0,4251500,0.0,0.0
2019-01-31,211.36,228.41,209.99,220.02,11199700,0.0,0.0
2019-02-01,218.58,221.84,216.8,221.51,3552100,0.0,0.0
2019-02-04,220.83,225.88,220.1,225.14,3599700,0.0,0.0
2019-02-05,226.0,229.4,225.37,228.35,1904900,0.0,0.0
2019-02-06,228.0,229.5,223.3,225.56,1662800,0.0,0.0
2019-02-07,224.06,228.04,222.12,226.96,1479500,0.0,0.0
2019-02-08,225.4,228.79,222.67,228.56,1603600,0.0,0.0
2019-02-11,229.89,232.25,227.07,229.01,1936400,0.0,0.0
2019-02-12,230.61,236.81,230.5,234.65,2366200,0.0,0.0
2019-02-13,235.0,237.49,231.65,231.97,1677400,0.0,0.0
2019-02-14,231.44,235.84,230.76,234.03,1304700,0.0,0.0
2019-02-15,235.0,236.7,232.4,234.89,1425900,0.0,0.0
2019-02-19,233.49,235.46,232.0,234.58,1434100,0.0,0.0
2019-02-20,235.0,235.49,227.85,229.5,2347000,0.0,0.0
2019-02-21,228.71,231.24,226.51,230.01,1317600,0.0,0.0
2019-02-22,230.32,236.15,230.32,235.0,1980800,0.0,0.0
2019-02-25,237.5,239.45,235.59,237.0,1612100,0.0,0.0
2019-02-26,235.84,236.94,233.45,236.21,1183800,0.0,0.0
2019-02-27,235.8,240.86,235.33,240.31,2214200,0.0,0.0
2019-02-28,240.17,241.44,237.74,239.44,1892900,0.0,0.0
2019-03-01,242.31,244.35,239.29,243.52,2055900,0.0,0.0
2019-03-04,244.6,245.33,228.67,236.97,4415500,0.0,0.0
2019-03-05,237.57,237.57,232.03,236.0,1940200,0.0,0.0
2019-03-06,235.45,237.45,231.79,233.11,1214700,0.0,0.0
2019-03-07,232.37,236.82,231.11,233.37,1577400,0.0,0.0
2019-03-08,229.3,234.03,226.71,233.95,1527600,0.0,0.0
2019-03-11,235.51,240.09,235.13,239.86,1991900,0.0,0.0
2019-03-12,240.15,241.02,236.78,238.71,1693700,0.0,0.0
2019-03-13,240.56,243.42,239.55,240.39,1885500,0.0,0.0
2019-03-14,244.05,244.63,241.3,241.59,1946800,0.0,0.0
2019-03-15,241.37,243.24,240.2,241.89,2053800,0.0,0.0
2019-03-18,242.53,245.96,240.14,240.98,2411600,0.0,0.0
2019-03-19,242.26,244.13,240.35,241.96,2191300,0.0,0.0
2019-03-20,243.0,247.28,239.8,244.59,1210800,0.0,0.0
2019-03-21,243.72,251.65,243.72,250.95,1532100,0.0,0.0
2019-03-22,249.0,250.5,241.07,241.21,2014800,0.0,0.0
2019-03-25,238.79,243.01,236.62,241.7,1553200,0.0,0.0
2019-03-26,245.04,247.24,243.2,245.0,1351100,0.0,0.0
2019-03-27,244.82,244.82,235.6,241.37,1578800,0.0,0.0
2019-03-28,243.73,245.85,240.73,243.33,1049100,0.0,0.0
2019-03-29,246.5,247.13,243.36,246.49,1389900,0.0,0.0
2019-04-01,249.99,250.35,243.8,245.73,1813400,0.0,0.0
2019-04-02,245.75,247.02,242.8,246.82,1480300,0.0,0.0
2019-04-03,248.9,248.9,244.29,247.14,1046600,0.0,0.0
2019-04-04,246.35,246.39,230.14,237.03,2942400,0.0,0.0
2019-04-05,238.64,240.09,235.26,236.98,1177100,0.0,0.0
2019-04-08,236.4,239.38,233.51,237.21,1448000,0.0,0.0
2019-04-09,235.13,240.28,235.13,238.76,1360800,0.0,0.0
2019-04-10,240.5,245.58,240.02,243.66,1241400,0.0,0.0
2019-04-11,243.64,246.19,242.11,245.77,1042700,0.0,0.0
2019-04-12,247.0,247.74,243.74,244.3,997300,0.0,0.0
2019-04-15,244.07,246.4,242.44,243.79,1299000,0.0,0.0
2019-04-16,245.89,246.12,238.85,239.81,1130700,0.0,0.0
2019-04-17,241.72,242.0,234.32,236.23,2485800,0.0,0.0
2019-04-18,234.4,238.92,232.14,237.4,2936600,0.0,0.0
2019-04-22,236.02,243.57,236.0,242.64,1251300,0.0,0.0
2019-04-23,243.25,247.34,241.1,243.55,2057600,0.0,0.0
2019-04-24,245.0,245.38,241.06,242.7,2720000,0.0,0.0
2019-04-25,261.02,269.27,258.18,260.69,4777400,0.0,0.0
2019-04-26,260.0,267.83,257.09,267.08,2216600,0.0,0.0
2019-04-29,267.1,273.47,267.1,271.69,2026000,0.0,0.0
2019-04-30,271.0,273.82,268.73,271.51,1522700,0.0,0.0
2019-05-01,273.16,273.16,268.31,270.4,1528700,0.0,0.0
2019-05-02,264.86,269.99,260.35,262.67,3211700,0.0,0.0
2019-05-03,265.68,269.31,264.26,268.52,1653000,0.0,0.0
2019-05-06,260.5,270.97,257.5,269.75,1255400,0.0,0.0
2019-05-07,267.0,268.9,260.05,264.81,1565600,0.0,0.0
2019-05-08,264.0,268.39,260.83,265.98,1263000,0.0,0.0
2019-05-09,262.35,271.8,260.28,270.49,1709900,0.0,0.0
2019-05-10,268.5,275.2,266.5,274.9,1754400,0.0,0.0
2019-05-13,266.88,271.16,259.27,260.12,2776000,0.0,0.0
2019-05-14,263.22,272.93,263.22,272.07,2046800,0.0,0.0
2019-05-15,270.0,276.43,269.54,273.96,1283800,0.0,0.0
2019-05-16,275.0,281.74,274.21,277.96,4212700,0.0,0.0
2019-05-17,275.71,277.32,271.62,272.99,1721800,0.0,0.0
2019-05-20,266.96,270.5,263.54,265.08,2414600,0.0,0.0
2019-05-21,269.71,273.0,267.75,271.21,1078700,0.0,0.0
2019-05-22,270.07,276.5,269.83,273.39,775600,0.0,0.0
2019-05-23,270.06,270.87,263.88,264.79,1458500,0.0,0.0
2019-05-24,266.75,269.44,265.05,268.95,1181800,0.0,0.0
2019-05-28,269.08,272.12,264.74,266.65,1444800,0.0,0.0
2019-05-29,263.9,268.32,261.51,264.19,1127600,0.0,0.0
2019-05-30,265.41,265.41,261.21,262.6,1304900,0.0,0.0
2019-05-31,259.31,265.44,257.5,261.93,1219400,0.0,0.0
2019-06-03,262.0,263.29,246.02,248.38,2822300,0.0,0.0
2019-06-04,251.14,258.07,247.51,257.55,1522600,0.0,0.0
2019-06-05,262.37,263.88,256.3,263.25,1827100,0.0,0.0
2019-06-06,263.24,269.68,261.82,268.49,950400,0.0,0.0
2019-06-07,270.99,276.69,270.99,274.55,1692500,0.0,0.0
2019-06-10,279.36,280.56,275.61,275.87,1248700,0.0,0.0
2019-06-11,279.86,279.86,263.95,266.29,1467000,0.0,0.0
2019-06-12,266.0,270.34,264.33,267.88,977700,0.0,0.0
2019-06-13,268.6,274.09,268.6,273.79,1181400,0.0,0.0
2019-06-14,273.73,275.61,270.05,272.25,1015500,0.0,0.0
2019-06-17,273.7,276.38,271.72,274.56,988400,0.0,0.0
2019-06-18,278.32,285.03,278.32,282.64,2010000,0.0,0.0
2019-06-19,284.21,285.83,281.05,285.51,1481800,0.0,0.0
2019-06-20,290.24,292.98,286.43,288.8,1732800,0.0,0.0
2019-06-21,287.52,290.84,285.65,285.74,1645200,0.0,0.0
2019-06-24,287.87,288.38,280.94,282.5,1542400,0.0,0.0
2019-06-25,283.15,283.15,273.06,275.36,1587200,0.0,0.0
2019-06-26,278.78,285.2,273.86,275.34,1310400,0.0,0.0
2019-06-27,277.37,280.83,276.21,278.51,1144000,0.0,0.0
2019-06-28,277.81,280.19,274.57,274.57,4160800,0.0,0.0
2019-07-01,281.99,284.33,279.49,283.51,1741200,0.0,0.0
2019-07-02,283.31,289.32,283.15,288.31,1946400,0.0,0.0
2019-07-03,289.9,294.23,289.9,293.15,1116100,0.0,0.0
2019-07-05,291.0,294.62,288.55,294.53,1005100,0.0,0.0
2019-07-08,293.65,293.78,289.65,293.0,1268700,0.0,0.0
2019-07-09,291.41,299.12,290.63,298.02,1656000,0.0,0.0
2019-07-10,299.61,302.99,298.31,298.75,1209400,0.0,0.0
2019-07-11,300.41,302.63,299.46,302.31,886700,0.0,0.0
2019-07-12,302.3,303.17,296.11,301.13,963900,0.0,0.0
2019-07-15,302.0,302.41,297.88,301.1,729800,0.0,0.0
2019-07-16,300.0,301.3,294.2,295.5,1161700,0.0,0.0
2019-07-17,295.5,300.16,294.51,296.56,865700,0.0,0.0
2019-07-18,296.32,298.49,294.03,294.68,1093400,0.0,0.0
2019-07-19,298.05,299.2,288.46,289.74,1396000,0.0,0.0
2019-07-22,293.4,294.97,289.62,293.81,1963400,0.0,0.0
2019-07-23,295.02,295.02,287.64,291.01,1606700,0.0,0.0
2019-07-24,291.72,297.61,290.5,297.21,2766200,0.0,0.0
2019-07-25,288.5,290.75,279.69,285.73,4532000,0.0,0.0
2019-07-26,288.37,290.19,285.75,289.33,1711600,0.0,0.0
2019-07-29,289.34,290.0,275.59,285.84,3271800,0.0,0.0
2019-07-30,284.28,286.39,280.97,281.0,1556900,0.0,0.0
2019-07-31,281.71,282.5,272.61,277.39,2097600,0.0,0.0
2019-08-01,277.38,281.72,271.12,274.0,2759000,0.0,0.0
2019-08-02,272.95,273.11,261.88,265.86,2437800,0.0,0.0
2019-08-05,255.01,262.54,251.9,256.81,3590400,0.0,0.0
2019-08-06,261.66,265.0,257.35,261.71,1722800,0.0,0.0
2019-08-07,259.66,264.95,257.0,260.69,1291500,0.0,0.0
2019-08-08,262.01,267.73,261.38,267.11,1644400,0.0,0.0
2019-08-09,267.25,268.0,262.74,263.82,897800,0.0,0.0
2019-08-12,261.3,263.12,257.75,258.57,704800,0.0,0.0
2019-08-13,258.0,263.57,257.35,262.19,1610200,0.0,0.0
2019-08-14,258.34,259.87,251.69,252.31,1776300,0.0,0.0
2019-08-15,252.0,254.91,250.19,252.29,1778800,0.0,0.0
2019-08-16,255.91,259.9,254.87,256.91,1506700,0.0,0.0
2019-08-19,260.0,261.58,254.64,255.51,1812500,0.0,0.0
2019-08-20,255.5,257.61,252.58,255.28,1351600,0.0,0.0
2019-08-21,262.0,267.84,260.24,265.78,1902700,0.0,0.0
2019-08-22,266.5,267.95,262.28,264.64,1271400,0.0,0.0
2019-08-23,266.37,274.56,261.82,263.07,2613900,0.0,0.0
2019-08-26,265.0,266.87,262.31,266.57,849600,0.0,0.0
2019-08-27,269.02,269.6,261.94,266.21,1473800,0.0,0.0
2019-08-28,261.77,263.31,258.22,260.32,1573800,0.0,0.0
2019-08-29,263.86,265.95,260.6,264.79,1080000,0.0,0.0
2019-08-30,265.91,266.58,256.65,261.84,1497500,0.0,0.0
2019-09-03,264.09,265.56,261.0,263.38,1423600,0.0,0.0
2019-09-04,265.72,270.14,265.25,268.52,1201100,0.0,0.0
2019-09-05,270.32,273.16,260.6,269.62,2145400,0.0,0.0
2019-09-06,269.9,270.56,262.47,263.5,1400600,0.0,0.0
2019-09-09,264.0,265.84,250.0,254.68,2922100,0.0,0.0
2019-09-10,250.47,255.67,246.5,253.18,2525900,0.0,0.0
2019-09-11,252.63,259.07,251.02,253.67,1487100,0.0,0.0
2019-09-12,256.6,259.66,255.52,256.81,1814000,0.0,0.0
2019-09-13,255.38,256.38,251.0,251.96,1520500,0.0,0.0
2019-09-16,251.0,261.24,250.0,261.15,1182600,0.0,0.0
2019-09-17,263.36,268.0,260.74,264.05,1270800,0.0,0.0
2019-09-18,266.69,266.9,259.77,265.85,1330500,0.0,0.0
2019-09-19,265.45,269.18,262.5,268.74,1492400,0.0,0.0
2019-09-20,269.47,271.39,266.59,271.17,2138600,0.0,0.0
2019-09-23,272.47,273.63,266.96,267.0,1230900,0.0,0.0
2019-09-24,267.0,268.33,256.1,257.5,1505400,0.0,0.0
2019-09-25,257.5,259.64,248.67,259.38,2549500,0.0,0.0
2019-09-26,259.39,259.65,255.24,257.99,945200,0.0,0.0
2019-09-27,258.92,259.49,245.27,250.26,2276200,0.0,0.0
2019-09-30,252.2,254.8,249.51,253.85,1206000,0.0,0.0
2019-10-01,255.32,256.12,249.71,250.13,1710100,0.0,0.0
2019-10-02,249.06,250.76,243.54,246.85,1785900,0.0,0.0
2019-10-03,247.77,258.56,244.29,257.37,1676300,0.0,0.0
2019-10-04,260.23,267.22,259.58,266.48,1898700,0.0,0.0
2019-10-07,266.23,270.5,266.23,268.15,2005800,0.0,0.0
2019-10-08,266.0,268.37,257.98,258.13,1162000,0.0,0.0
2019-10-09,260.84,263.52,259.48,262.02,839800,0.0,0.0
2019-10-10,260.02,264.68,259.1,263.18,764800,0.0,0.0
2019-10-11,268.06,273.96,266.31,270.33,1749600,0.0,0.0
2019-10-14,270.07,271.22,267.86,269.44,1357100,0.0,0.0
2019-10-15,270.44,276.5,270.0,274.24,1763300,0.0,0.0
2019-10-16,258.93,260.75,249.1,254.6,4723500,0.0,0.0
2019-10-17,258.29,259.06,252.05,254.31,2211700,0.0,0.0
2019-10-18,253.97,257.51,240.62,243.0,4409600,0.0,0.0
2019-10-21,245.09,245.81,239.1,240.9,3820700,0.0,0.0
2019-10-22,241.91,242.45,225.0,228.34,6863000,0.0,0.0
2019-10-23,216.3,225.73,213.99,220.01,12057900,0.0,0.0
2019-10-24,236.56,243.82,232.25,237.78,9374000,0.0,0.0
2019-10-25,237.77,241.5,234.06,241.22,3308700,0.0,0.0
2019-10-28,243.4,246.28,240.0,244.7,3465900,0.0,0.0
2019-10-29,243.99,248.99,240.82,241.04,1863100,0.0,0.0
2019-10-30,243.34,250.24,239.03,249.95,1888000,0.0,0.0
2019-10-31,249.96,250.81,244.01,247.26,1452600,0.0,0.0
2019-11-01,248.94,256.16,247.41,253.03,2481000,0.0,0.0
2019-11-04,254.49,255.58,245.05,245.8,1806400,0.0,0.0
2019-11-05,245.81,246.4,239.13,241.86,2209500,0.0,0.0
2019-11-06,241.75,242.73,238.97,241.35,1368100,0.0,0.0
2019-11-07,242.0,244.65,239.81,240.89,1916600,0.0,0.0
2019-11-08,239.92,249.2,238.29,248.45,1904800,0.0,0.0
2019-11-11,247.31,250.0,245.82,248.55,1695700,0.0,0.0
2019-11-12,249.29,253.49,249.2,252.53,1888800,0.0,0.0
2019-11-13,250.93,255.11,249.01,253.94,1950100,0.0,0.0
2019-11-14,252.77,255.41,249.47,253.85,1785900,0.0,0.0
2019-11-15,255.5,260.04,254.29,259.96,2226000,0.0,0.0
2019-11-18,258.0,268.45,257.3,266.31,3082300,0.0,0.0
2019-11-19,277.25,279.9,272.53,277.74,9867700,0.0,0.0
2019-11-20,276.88,284.3,276.65,283.0,37802900,0.0,0.0
2019-11-21,282.32,283.47,277.75,279.12,3940900,0.0,0.0
2019-11-22,280.0,280.85,276.89,279.98,2088000,0.0,0.0
2019-11-25,280.0,284.0,278.41,279.75,3226500,0.0,0.0
2019-11-26,281.0,281.15,278.62,278.86,2151200,0.0,0.0
2019-11-27,279.51,281.49,277.85,281.28,1317900,0.0,0.0
2019-11-29,280.97,283.49,280.1,283.04,879900,0.0,0.0
2019-12-02,283.0,283.0,269.5,277.35,2242800,0.0,0.0
2019-12-03,271.79,280.0,271.06,279.01,2311700,0.0,0.0
2019-12-04,277.87,278.07,272.8,273.8,1852500,0.0,0.0
2019-12-05,273.0,277.25,271.86,273.13,1173900,0.0,0.0
2019-12-06,274.9,275.31,269.62,272.04,1862500,0.0,0.0
2019-12-09,271.77,272.6,269.62,269.7,1058200,0.0,0.0
2019-12-10,270.0,272.45,266.2,266.78,1460700,0.0,0.0
2019-12-11,266.0,268.19,263.53,267.3,1784000,0.0,0.0
2019-12-12,266.36,268.59,264.08,265.65,2222400,0.0,0.0
2019-12-13,265.64,273.8,263.98,272.98,1866900,0.0,0.0
2019-12-16,274.33,281.8,274.11,281.79,2082500,0.0,0.0
2019-12-17,279.95,281.02,274.39,276.14,1925500,0.0,0.0
2019-12-18,277.43,280.18,276.1,277.45,1272500,0.0,0.0
2019-12-19,277.45,279.11,275.33,278.48,1433600,0.0,0.0
2019-12-20,280.52,282.83,278.76,282.63,2301700,0.0,0.0
2019-12-23,283.05,287.44,281.71,283.31,1941600,0.0,0.0
2019-12-24,283.9,284.92,282.57,284.2,305700,0.0,0.0
2019-12-26,284.76,288.08,284.76,286.2,946000,0.0,0.0
2019-12-27,288.07,288.07,284.11,286.88,997600,0.0,0.0
2019-12-30,286.28,286.42,277.75,282.81,1406200,0.0,0.0
2019-12-31,280.41,283.85,279.79,282.32,970400,0.0,0.0
2020-01-02,284.96,291.68,284.22,291.24,1831100,0.0,0.0
2020-01-03,286.9,293.06,286.5,291.1,1135800,0.0,0.0
2020-01-06,285.19,293.41,284.6,292.87,1474000,0.0,0.0
2020-01-07,293.22,294.58,288.03,292.91,1438400,0.0,0.0
2020-01-08,294.56,297.69,293.24,295.65,1740800,0.0,0.0
2020-01-09,297.3,299.77,294.23,299.31,1403500,0.0,0.0
2020-01-10,300.72,303.39,297.45,298.88,1258500,0.0,0.0
2020-01-13,302.35,305.86,301.0,303.85,1643800,0.0,0.0
2020-01-14,303.85,306.0,301.37,301.5,1498300,0.0,0.0
2020-01-15,302.0,307.73,301.9,304.87,1486300,0.0,0.0
2020-01-16,306.0,310.5,305.35,310.02,2269400,0.0,0.0
2020-01-17,310.44,312.79,309.56,312.52,2114100,0.0,0.0
2020-01-21,312.0,315.6,311.11,312.98,2558600,0.0,0.0
2020-01-22,317.03,317.27,312.75,312.85,1769700,0.0,0.0
2020-01-23,313.0,316.18,310.9,311.46,1591800,0.0,0.0
2020-01-24,314.58,318.84,307.78,309.39,1789600,0.0,0.0
2020-01-27,300.45,308.18,298.14,307.63,1724700,0.0,0.0
2020-01-28,309.29,315.21,308.4,314.05,1543700,0.0,0.0
2020-01-29,315.52,315.98,311.06,312.93,2537800,0.0,0.0
2020-01-30,333.73,343.89,329.65,341.62,4947400,0.0,0.0
2020-01-31,339.5,339.91,332.83,338.23,2432800,0.0,0.0
2020-02-03,338.41,344.75,337.25,343.2,2096000,0.0,0.0
2020-02-04,346.0,354.64,344.52,352.03,2039300,0.0,0.0
2020-02-05,353.17,355.99,334.81,338.5,2851000,0.0,0.0
2020-02-06,340.01,342.82,334.08,341.7,1474400,0.0,0.0
2020-02-07,341.71,345.77,339.69,341.06,1677700,0.0,0.0
2020-02-10,340.72,345.0,338.9,342.77,1781900,0.0,0.0
2020-02-11,345.96,346.19,341.04,343.57,1194800,0.0,0.0
2020-02-12,345.02,350.43,339.5,349.8,1306500,0.0,0.0
2020-02-13,347.5,357.0,347.5,351.81,2489100,0.0,0.0
2020-02-14,353.64,356.32,350.88,356.16,1106100,0.0,0.0
2020-02-18,356.0,358.76,354.04,357.49,1288900,0.0,0.0
2020-02-19,358.75,362.95,357.4,357.72,1306800,0.0,0.0
2020-02-20,357.72,361.98,345.41,352.94,1948100,0.0,0.0
2020-02-21,350.48,351.75,338.78,344.48,2348600,0.0,0.0
2020-02-24,327.34,336.5,324.19,333.56,2016900,0.0,0.0
2020-02-25,338.56,342.08,327.57,329.72,1839200,0.0,0.0
2020-02-26,331.0,342.51,330.25,334.27,1616400,0.0,0.0
2020-02-27,323.69,331.43,317.77,320.1,2276000,0.0,0.0
2020-02-28,310.0,327.0,307.1,326.09,3202500,0.0,0.0
2020-03-02,333.83,344.48,326.32,344.4,2700000,0.0,0.0
2020-03-03,344.39,350.7,325.13,329.63,2952200,0.0,0.0
2020-03-04,336.74,345.22,331.63,345.07,1575400,0.0,0.0
2020-03-05,337.49,343.03,326.27,329.33,1959500,0.0,0.0
2020-03-06,319.39,323.51,300.8,317.24,4109000,0.0,0.0
2020-03-09,294.39,306.84,288.0,292.09,3436300,0.0,0.0
2020-03-10,302.38,313.0,291.62,312.8,3919000,0.0,0.0
2020-03-11,304.98,310.27,283.81,290.63,2908500,0.0,0.0
2020-03-12,270.04,287.13,261.61,262.12,3877800,0.0,0.0
2020-03-13,277.41,288.5,264.84,287.67,3038300,0.0,0.0
2020-03-16,251.01,283.84,250.0,265.43,3389100,0.0,0.0
2020-03-17,271.41,302.98,270.02,287.42,3908100,0.0,0.0
2020-03-18,266.0,279.94,238.93,278.16,4428200,0.0,0.0
2020-03-19,276.46,290.0,258.01,277.66,2792000,0.0,0.0
2020-03-20,276.06,284.68,252.25,254.7,3502300,0.0,0.0
2020-03-23,254.9,260.39,240.16,255.32,2825100,0.0,0.0
2020-03-24,275.58,283.6,268.54,272.0,3371000,0.0,0.0
2020-03-25,272.35,278.95,257.32,264.67,3088500,0.0,0.0
2020-03-26,269.69,295.0,267.99,294.73,3731000,0.0,0.0
2020-03-27,284.13,284.13,269.46,274.0,3076200,0.0,0.0
2020-03-30,277.77,292.7,275.2,286.39,2368600,0.0,0.0
2020-03-31,289.59,296.17,281.31,286.58,3393300,0.0,0.0
2020-04-01,274.39,278.8,268.68,273.07,2424000,0.0,0.0
2020-04-02,265.0,272.62,249.25,259.0,4418700,0.0,0.0
2020-04-03,258.85,261.16,246.67,249.57,2849800,0.0,0.0
2020-04-06,259.49,272.25,255.51,269.95,3215100,0.0,0.0
2020-04-07,277.0,278.1,255.24,262.35,3045300,0.0,0.0
2020-04-08,266.44,276.41,263.9,274.05,1770100,0.0,0.0
2020-04-09,276.08,285.12,274.62,278.06,2754200,0.0,0.0
2020-04-13,276.76,284.5,273.76,283.56,2319500,0.0,0.0
2020-04-14,297.0,303.14,289.28,302.09,2555800,0.0,0.0
2020-04-15,297.21,299.39,293.56,295.92,1799600,0.0,0.0
2020-04-16,300.48,301.85,289.21,291.94,2076400,0.0,0.0
2020-04-17,302.09,303.12,296.51,299.59,2128400,0.0,0.0
2020-04-20,298.19,308.14,296.6,302.46,1877000,0.0,0.0
2020-04-21,298.96,303.7,281.57,288.77,2892800,0.0,0.0
2020-04-22,295.92,302.68,293.06,299.61,1421900,0.0,0.0
2020-04-23,300.0,304.69,296.0,297.31,1456800,0.0,0.0
2020-04-24,297.53,303.68,292.7,302.94,1475100,0.0,0.0
2020-04-27,307.53,311.0,306.27,308.6,1156300,0.0,0.0
2020-04-28,312.79,315.0,295.78,296.0,2254600,0.0,0.0
2020-04-29,301.6,325.44,301.57,321.99,3477900,0.0,0.0
2020-04-30,327.84,357.78,327.49,351.54,5389500,0.0,0.0
2020-05-01,342.09,351.0,336.0,339.51,2449800,0.0,0.0
2020-05-04,336.52,356.5,335.01,354.64,2537900,0.0,0.0
2020-05-05,360.0,376.18,356.07,370.64,2977200,0.0,0.0
2020-05-06,374.63,379.8,364.5,365.39,2390500,0.0,0.0
2020-05-07,368.97,386.57,368.53,381.83,2755000,0.0,0.0
2020-05-08,384.0,387.6,376.13,377.26,2103300,0.0,0.0
2020-05-11,375.0,388.5,370.04,383.65,1576500,0.0,0.0
2020-05-12,384.13,384.99,364.57,365.6,3390900,0.0,0.0
2020-05-13,366.01,370.46,351.29,361.29,2894800,0.0,0.0
2020-05-14,358.71,370.06,351.51,367.83,2307200,0.0,0.0
2020-05-15,365.45,372.45,363.06,370.46,2504700,0.0,0.0
2020-05-18,378.0,381.78,373.18,374.87,1754500,0.0,0.0
2020-05-19,375.0,389.67,373.23,382.88,1722100,0.0,0.0
2020-05-20,390.0,394.76,384.39,390.16,1463600,0.0,0.0
2020-05-21,390.52,393.59,382.41,383.64,991700,0.0,0.0
2020-05-22,389.04,394.14,384.99,387.96,1006100,0.0,0.0
2020-05-26,396.13,396.15,379.63,380.67,1714700,0.0,0.0
2020-05-27,378.05,378.05,352.07,371.16,3761100,0.0,0.0
2020-05-28,370.0,386.67,368.46,377.98,1546600,0.0,0.0
2020-05-29,381.41,388.23,378.63,387.93,1968900,0.0,0.0
2020-06-01,385.06,387.94,381.85,383.37,1336600,0.0,0.0
2020-06-02,384.45,392.9,375.44,392.9,2024400,0.0,0.0
2020-06-03,389.99,393.11,381.1,388.09,1400800,0.0,0.0
2020-06-04,385.69,389.7,372.42,376.95,2087400,0.0,0.0
2020-06-05,370.0,390.68,367.03,390.46,2455300,0.0,0.0
2020-06-08,386.58,388.77,375.68,386.64,1512700,0.0,0.0
2020-06-09,390.98,398.0,385.49,388.83,1689700,0.0,0.0
2020-06-10,392.34,405.53,392.34,401.66,2005300,0.0,0.0
2020-06-11,393.83,397.46,372.87,375.05,2925000,0.0,0.0
2020-06-12,387.62,392.38,377.76,385.13,1556600,0.0,0.0
2020-06-15,378.2,393.98,375.37,392.5,1436600,0.0,0.0
2020-06-16,400.0,402.87,389.19,398.46,1743800,0.0,0.0
2020-06-17,400.01,407.59,398.05,400.65,1562100,0.0,0.0
2020-06-18,402.26,404.49,396.1,401.03,1320500,0.0,0.0
2020-06-19,406.25,407.99,398.44,399.87,2304900,0.0,0.0
2020-06-22,396.42,403.22,391.85,402.82,1570500,0.0,0.0
2020-06-23,408.0,409.8,397.38,400.94,1671800,0.0,0.0
2020-06-24,399.78,405.24,388.87,392.93,1450200,0.0,0.0
2020-06-25,391.72,401.69,385.66,401.64,1295000,0.0,0.0
2020-06-26,401.83,402.84,391.08,399.97,2013100,0.0,0.0
2020-06-29,401.48,402.99,385.5,394.55,1388900,0.0,0.0
2020-06-30,394.88,406.17,394.0,405.06,1760800,0.0,0.0
2020-07-01,405.38,417.62,403.5,416.79,1794200,0.0,0.0
2020-07-02,421.31,424.84,412.69,414.21,1385300,0.0,0.0
2020-07-06,419.29,425.0,412.15,416.44,1774600,0.0,0.0
2020-07-07,416.44,421.23,410.97,411.74,1313400,0.0,0.0
2020-07-08,416.8,426.78,415.5,425.2,1515900,0.0,0.0
2020-07-09,428.0,430.83,415.6,426.37,1407100,0.0,0.0
2020-07-10,426.5,427.78,419.46,422.91,1482300,0.0,0.0
2020-07-13,425.0,427.78,399.47,401.87,1623000,0.0,0.0
2020-07-14,400.0,413.81,390.84,413.23,1782700,0.0,0.0
2020-07-15,422.89,425.96,415.74,423.56,2118400,0.0,0.0
2020-07-16,416.06,418.26,404.49,413.88,1446500,0.0,0.0
2020-07-17,415.75,423.4,411.45,421.81,1099300,0.0,0.0
2020-07-20,425.0,454.7,424.54,449.27,3131800,0.0,0.0
2020-07-21,447.23,447.47,434.18,437.22,1600400,0.0,0.0
2020-07-22,440.0,443.96,434.32,441.6,872800,0.0,0.0
2020-07-23,441.1,448.34,428.62,430.85,1324200,0.0,0.0
2020-07-24,420.28,430.31,414.6,425.19,1003800,0.0,0.0
2020-07-27,430.0,436.16,426.01,433.81,985300,0.0,0.0
2020-07-28,435.0,442.58,431.0,435.04,1038100,0.0,0.0
2020-07-29,442.57,446.51,437.87,445.71,2255900,0.0,0.0
2020-07-30,432.72,438.6,421.33,431.4,3143100,0.0,0.0
2020-07-31,436.99,439.2,428.32,439.2,1745500,0.0,0.0
2020-08-03,443.72,444.79,431.16,439.96,1801700,0.0,0.0
2020-08-04,437.42,442.49,433.87,438.15,1141100,0.0,0.0
2020-08-05,440.0,441.05,435.33,435.74,1008000,0.0,0.0
2020-08-06,437.88,439.57,425.34,430.33,2230800,0.0,0.0
2020-08-07,432.04,439.29,423.71,431.21,2459700,0.0,0.0
2020-08-10,430.44,439.13,422.17,438.68,2724100,0.0,0.0
2020-08-11,434.35,434.99,418.53,421.36,1639100,0.0,0.0
2020-08-12,425.14,431.43,423.05,427.13,1619700,0.0,0.0
2020-08-13,427.86,439.81,426.71,438.42,1699900,0.0,0.0
2020-08-14,438.36,442.89,434.32,435.73,1252000,0.0,0.0
2020-08-17,436.98,445.15,436.98,442.37,1969700,0.0,0.0
2020-08-18,441.72,444.36,435.3,437.58,2271700,0.0,0.0
2020-08-19,438.0,443.64,432.1,437.13,1964800,0.0,0.0
2020-08-20,435.42,454.73,433.36,453.34,2717800,0.0,0.0
2020-08-21,452.78,453.99,446.18,449.42,2339000,0.0,0.0
2020-08-24,453.05,458.64,445.0,448.1,2357000,0.0,0.0
2020-08-25,450.0,458.88,445.74,457.93,1164900,0.0,0.0
2020-08-26,465.0,488.58,464.1,487.7,2199800,0.0,0.0
2020-08-27,485.0,485.1,474.5,480.55,1521200,0.0,0.0
2020-08-28,485.0,494.0,484.4,487.87,1061100,0.0,0.0
2020-08-31,488.25,490.0,480.99,482.02,1390500,0.0,0.0
2020-09-01,485.0,497.25,482.58,497.19,1370700,0.0,0.0
2020-09-02,500.0,501.82,482.66,499.69,1355500,0.0,0.0
2020-09-03,485.0,487.99,462.67,468.84,2024600,0.0,0.0
2020-09-04,466.0,470.0,435.1,450.35,2680000,0.0,0.0
2020-09-08,439.99,452.73,432.85,443.14,1765200,0.0,0.0
2020-09-09,452.09,462.86,441.85,458.2,1805600,0.0,0.0
2020-09-10,461.0,468.32,450.27,452.98,1114600,0.0,0.0
2020-09-11,457.63,458.49,439.76,445.9,895700,0.0,0.0
2020-09-14,451.42,463.2,451.17,458.06,1434400,0.0,0.0
2020-09-15,463.23,474.32,462.61,473.96,1120500,0.0,0.0
2020-09-16,476.47,479.44,455.78,456.01,1506900,0.0,0.0
2020-09-17,445.7,455.0,442.0,453.8,1578400,0.0,0.0
2020-09-18,454.15,457.26,442.71,453.09,1461200,0.0,0.0
2020-09-21,446.82,462.4,446.2,461.88,1106400,0.0,0.0
2020-09-22,465.75,471.1,454.6,470.57,929800,0.0,0.0
2020-09-23,470.0,473.32,459.04,460.47,826400,0.0,0.0
2020-09-24,458.79,465.17,453.7,460.12,842500,0.0,0.0
2020-09-25,468.91,481.65,464.57,479.97,1206500,0.0,0.0
2020-09-28,486.61,488.4,478.97,484.21,1257600,0.0,0.0
2020-09-29,486.35,489.56,483.1,487.98,824100,0.0,0.0
2020-09-30,485.67,493.31,481.15,485.0,1202200,0.0,0.0
2020-10-01,491.57,495.13,487.45,492.52,922000,0.0,0.0
2020-10-02,480.49,502.63,478.99,493.15,1592800,0.0,0.0
2020-10-05,495.61,502.23,491.27,501.79,1287300,0.0,0.0
2020-10-06,500.0,502.6,489.82,491.54,1075400,0.0,0.0
2020-10-07,497.63,504.21,494.0,500.0,858000,0.0,0.0
2020-10-08,505.0,505.0,492.0,496.5,823100,0.0,0.0
2020-10-09,503.56,510.88,502.01,508.61,1193400,0.0,0.0
2020-10-12,513.55,515.55,502.0,509.09,896300,0.0,0.0
2020-10-13,516.51,522.77,511.23,518.3,1180600,0.0,0.0
2020-10-14,520.0,521.5,509.98,516.89,990000,0.0,0.0
2020-10-15,509.48,522.99,506.0,520.68,945300,0.0,0.0
2020-10-16,524.15,530.73,520.99,524.87,1031800,0.0,0.0
2020-10-19,526.44,533.37,519.39,521.95,891800,0.0,0.0
2020-10-20,523.0,527.58,515.92,518.19,824700,0.0,0.0
2020-10-21,518.68,519.53,506.83,510.28,831300,0.0,0.0
2020-10-22,511.7,513.55,495.17,505.96,857900,0.0,0.0
2020-10-23,509.09,514.23,505.23,514.01,845200,0.0,0.0
2020-10-26,518.01,521.86,492.51,501.61,1621200,0.0,0.0
2020-10-27,508.79,510.0,498.52,499.81,1204100,0.0,0.0
2020-10-28,486.95,489.92,480.15,484.05,1776600,0.0,0.0
2020-10-29,497.0,517.9,493.0,510.59,2857400,0.0,0.0
2020-10-30,504.4,507.98,485.59,497.57,1872900,0.0,0.0
2020-11-02,499.21,507.58,474.29,476.0,1983700,0.0,0.0
2020-11-03,477.61,484.71,472.01,480.05,1783000,0.0,0.0
2020-11-04,506.35,518.23,501.0,513.58,2223800,0.0,0.0
2020-11-05,523.31,533.84,520.5,531.08,1186500,0.0,0.0
2020-11-06,529.53,537.53,519.0,535.18,826200,0.0,0.0
2020-11-09,509.65,528.21,500.79,501.96,2398500,0.0,0.0
2020-11-10,495.53,499.68,472.01,481.28,2501700,0.0,0.0
2020-11-11,493.71,508.06,489.55,503.36,1578500,0.0,0.0
2020-11-12,520.45,525.01,506.37,509.78,1630600,0.0,0.0
2020-11-13,511.6,511.6,495.52,508.01,1235100,0.0,0.0
2020-11-16,497.49,505.75,495.19,502.28,1587100,0.0,0.0
2020-11-17,505.0,516.0,504.07,513.1,1151200,0.0,0.0
2020-11-18,511.25,513.56,502.39,507.12,1016100,0.0,0.0
2020-11-19,508.2,519.93,505.0,514.33,978500,0.0,0.0
2020-11-20,515.61,526.46,514.0,518.06,1184100,0.0,0.0
2020-11-23,520.1,524.87,514.27,522.11,1286500,0.0,0.0
2020-11-24,522.71,526.0,510.16,514.69,1182200,0.0,0.0
2020-11-25,519.0,524.0,511.79,519.22,1083600,0.0,0.0
2020-11-27,521.0,529.78,515.85,527.48,741700,0.0,0.0
2020-11-30,530.0,535.0,520.98,534.55,1722500,0.0,0.0
2020-12-01,536.0,541.74,525.96,539.59,1150700,0.0,0.0
2020-12-02,530.77,535.0,521.17,526.52,1088500,0.0,0.0
2020-12-03,527.79,539.5,523.3,525.24,1022300,0.0,0.0
2020-12-04,525.54,529.75,522.24,525.7,744400,0.0,0.0
2020-12-07,528.76,534.74,527.91,533.25,1379600,0.0,0.0
2020-12-08,536.79,544.05,528.6,542.25,1870000,0.0,0.0
2020-12-09,544.43,545.0,525.65,527.99,1637200,0.0,0.0
2020-12-10,526.5,538.56,518.51,538.0,1032900,0.0,0.0
2020-12-11,538.19,540.69,530.84,537.36,855100,0.0,0.0
2020-12-14,538.5,539.11,530.96,532.48,1280700,0.0,0.0
2020-12-15,532.0,535.11,525.08,527.38,1072700,0.0,0.0
2020-12-16,532.95,549.88,532.0,545.0,1515400,0.0,0.0
2020-12-17,549.47,558.34,549.47,554.07,1228200,0.0,0.0
2020-12-18,558.47,566.74,555.55,565.43,2152800,0.0,0.0
2020-12-21,558.02,562.45,542.7,550.82,1642400,0.0,0.0
2020-12-22,550.71,562.5,548.97,561.72,1199000,0.0,0.0
2020-12-23,561.61,565.0,549.72,550.06,887700,0.0,0.0
2020-12-24,555.3,560.54,552.74,553.89,623700,0.0,0.0
2020-12-28,563.0,563.0,540.9,543.74,1041900,0.0,0.0
2020-12-29,550.22,551.63,539.3,545.98,926100,0.0,0.0
2020-12-30,550.82,552.0,544.66,547.38,580100,0.0,0.0
2020-12-31,547.01,551.08,543.71,550.43,664900,0.0,0.0
2021-01-04,556.94,557.36,521.51,526.83,1889200,0.0,0.0
2021-01-05,526.04,533.33,524.8,531.97,1544200,0.0,0.0
2021-01-06,519.77,520.94,507.06,507.25,1969800,0.0,0.0
2021-01-07,510.0,516.9,508.71,511.41,1869600,0.0,0.0
2021-01-08,521.64,531.61,518.16,529.64,1594900,0.0,0.0
2021-01-11,525.0,526.96,515.08,523.06,1286500,0.0,0.0
2021-01-12,520.0,522.51,507.31,513.21,1173000,0.0,0.0
2021-01-13,518.21,523.7,511.0,521.71,1076700,0.0,0.0
2021-01-14,527.2,528.0,512.79,514.34,1448700,0.0,0.0
2021-01-15,518.41,526.56,513.0,513.76,1083700,0.0,0.0
2021-01-19,515.6,522.95,509.69,519.42,978100,0.0,0.0
2021-01-20,527.99,543.47,527.01,542.19,1538900,0.0,0.0
2021-01-21,543.5,546.4,537.87,544.33,1012400,0.0,0.0
2021-01-22,549.75,554.34,540.3,541.09,1029700,0.0,0.0
2021-01-25,547.73,552.82,525.06,537.88,1712100,0.0,0.0
2021-01-26,540.0,540.78,530.61,532.46,1417700,0.0,0.0
2021-01-27,524.88,533.07,508.22,516.5,2241300,0.0,0.0
2021-01-28,545.0,563.88,542.86,554.24,3282700,0.0,0.0
2021-01-29,549.08,552.0,529.34,543.16,2380200,0.0,0.0
2021-02-01,546.01,564.73,546.01,558.56,1716900,0.0,0.0
2021-02-02,562.88,588.82,560.1,583.51,2251600,0.0,0.0
2021-02-03,583.0,587.43,574.56,576.65,1491500,0.0,0.0
2021-02-04,579.89,589.0,572.13,588.98,1253300,0.0,0.0
2021-02-05,588.68,592.54,582.32,589.73,972000,0.0,0.0
2021-02-08,591.31,598.37,584.0,587.91,1031700,0.0,0.0
2021-02-09,587.14,588.6,576.01,581.78,1635000,0.0,0.0
2021-02-10,585.76,593.78,579.01,589.36,966700,0.0,0.0
2021-02-11,594.0,595.0,588.0,594.47,731300,0.0,0.0
2021-02-12,591.32,593.71,585.53,591.29,823000,0.0,0.0
2021-02-16,591.82,594.66,581.15,585.74,891500,0.0,0.0
2021-02-17,580.0,583.14,570.75,580.94,887000,0.0,0.0
2021-02-18,569.96,579.31,565.9,575.8,973600,0.0,0.0
2021-02-19,577.16,582.11,559.08,570.73,1958000,0.0,0.0
2021-02-22,566.03,566.03,549.78,550.26,1038800,0.0,0.0
2021-02-23,539.34,553.8,524.41,551.75,1571200,0.0,0.0
2021-02-24,545.5,554.2,538.93,551.83,1113500,0.0,0.0
2021-02-25,550.0,556.49,526.89,528.79,1761700,0.0,0.0
2021-02-26,532.5,540.32,521.15,533.46,1799000,0.0,0.0
2021-03-01,544.82,556.64,540.04,556.47,1232100,0.0,0.0
2021-03-02,559.56,562.43,548.31,549.3,1121400,0.0,0.0
2021-03-03,544.29,545.79,513.67,516.0,1806000,0.0,0.0
2021-03-04,510.94,517.75,484.9,490.63,2831300,0.0,0.0
2021-03-05,496.24,496.24,467.15,486.96,3232900,0.0,0.0
2021-03-08,490.78,497.26,462.51,464.05,1969800,0.0,0.0
2021-03-09,480.71,493.56,478.78,488.95,2448200,0.0,0.0
2021-03-10,497.11,499.0,473.96,474.0,1927000,0.0,0.0
2021-03-11,494.49,511.71,490.22,502.87,1923300,0.0,0.0
2021-03-12,489.0,494.88,482.74,489.22,1504700,0.0,0.0
2021-03-15,490.0,497.21,486.47,496.77,967000,0.0,0.0
2021-03-16,504.28,509.15,495.31,498.99,1138500,0.0,0.0
2021-03-17,491.46,492.73,476.37,485.0,2486000,0.0,0.0
2021-03-18,479.69,479.8,464.67,466.18,1870000,0.0,0.0
2021-03-19,468.49,475.57,463.85,470.84,1893900,0.0,0.0
2021-03-22,471.63,484.44,471.32,476.65,1188300,0.0,0.0
2021-03-23,480.11,486.44,476.98,478.17,1140900,0.0,0.0
2021-03-24,480.63,481.5,470.0,472.32,1476400,0.0,0.0
2021-03-25,467.88,474.0,463.8,472.18,1903800,0.0,0.0
2021-03-26,473.49,495.45,471.0,495.0,2440200,0.0,0.0
2021-03-29,489.46,492.94,482.05,485.39,1720300,0.0,0.0
2021-03-30,480.0,490.99,473.21,487.57,1254000,0.0,0.0
2021-03-31,493.44,506.89,490.52,500.11,1568400,0.0,0.0
2021-04-01,508.0,512.91,502.5,507.01,1063600,0.0,0.0
2021-04-05,511.97,516.07,509.18,514.02,1588800,0.0,0.0
2021-04-06,511.4,515.14,506.62,509.08,972900,0.0,0.0
2021-04-07,511.06,512.89,506.83,510.73,646700,0.0,0.0
2021-04-08,520.0,528.82,517.48,524.04,1260000,0.0,0.0
2021-04-09,518.09,530.61,510.0,530.0,1453000,0.0,0.0
2021-04-12,529.18,541.22,524.73,537.0,1329000,0.0,0.0
2021-04-13,539.0,551.28,539.0,548.93,1364400,0.0,0.0
2021-04-14,551.0,560.19,542.84,544.84,1341100,0.0,0.0
2021-04-15,553.46,560.17,552.92,559.35,885200,0.0,0.0
2021-04-16,560.56,560.79,550.26,556.91,879700,0.0,0.0
2021-04-19,553.42,556.88,546.0,549.37,895400,0.0,0.0
2021-04-20,548.96,552.92,536.5,540.78,794800,0.0,0.0
2021-04-21,545.16,549.07,537.13,546.47,1032500,0.0,0.0
2021-04-22,547.0,558.0,543.85,548.49,900400,0.0,0.0
2021-04-23,553.28,555.89,549.33,552.7,780500,0.0,0.0
2021-04-26,554.0,559.39,549.25,559.21,671900,0.0,0.0
2021-04-27,557.95,565.29,553.59,562.63,961200,0.0,0.0
2021-04-28,559.25,559.79,552.44,557.24,1715600,0.0,0.0
2021-04-29,521.0,530.8,503.5,505.0,8692900,0.0,0.0
2021-04-30,500.28,519.82,500.28,506.37,3440600,0.0,0.0
2021-05-03,507.46,508.22,488.78,490.32,2419100,0.0,0.0
2021-05-04,485.52,489.68,473.73,483.3,2469300,0.0,0.0
2021-05-05,489.18,489.55,477.0,479.97,1444800,0.0,0.0
2021-05-06,477.1,486.6,473.1,485.84,2188300,0.0,0.0
2021-05-07,493.4,494.53,474.45,483.51,1997100,0.0,0.0
2021-05-10,482.5,482.5,464.7,466.8,2053800,0.0,0.0
2021-05-11,453.8,486.01,452.46,481.5,2588100,0.0,0.0
2021-05-12,473.23,475.0,460.01,464.71,1779000,0.0,0.0
2021-05-13,470.0,471.32,451.04,454.98,1700500,0.0,0.0
2021-05-14,461.91,464.91,458.78,460.33,1789700,0.0,0.0
2021-05-17,459.47,459.47,448.27,454.4,1862500,0.0,0.0
2021-05-18,455.46,463.0,451.0,457.22,1364100,0.0,0.0
2021-05-19,450.25,460.72,448.27,459.76,1172100,0.0,0.0
2021-05-20,464.67,475.58,463.29,471.13,1286400,0.0,0.0
2021-05-21,473.89,478.62,468.93,469.47,1372600,0.0,0.0
2021-05-24,475.0,479.8,473.52,476.36,928900,0.0,0.0
2021-05-25,478.75,483.7,476.37,479.9,1367500,0.0,0.0
2021-05-26,478.81,487.27,478.04,485.41,1542200,0.0,0.0
2021-05-27,480.97,482.61,472.63,479.22,1727800,0.0,0.0
2021-05-28,480.0,482.07,470.55,473.88,1895600,0.0,0.0
2021-06-01,477.6,477.64,467.04,469.17,1693200,0.0,0.0
2021-06-02,464.57,472.6,461.91,467.01,1032200,0.0,0.0
2021-06-03,464.31,465.18,456.0,459.2,973200,0.0,0.0
2021-06-04,460.0,465.31,458.72,460.65,1575400,0.0,0.0
2021-06-07,460.02,462.74,457.0,459.46,1210900,0.0,0.0
2021-06-08,463.97,471.1,459.42,460.76,1074400,0.0,0.0
2021-06-09,464.96,467.61,460.72,464.71,1027700,0.0,0.0
2021-06-10,485.71,490.79,479.01,489.13,3041800,0.0,0.0
2021-06-11,490.0,499.51,488.0,498.01,2080800,0.0,0.0
2021-06-14,500.0,511.12,498.22,509.34,1827700,0.0,0.0
2021-06-15,510.52,512.55,504.12,505.43,1565100,0.0,0.0
2021-06-16,507.7,521.5,502.15,510.08,2057600,0.0,0.0
2021-06-17,505.8,531.0,505.8,530.4,1909400,0.0,0.0
2021-06-18,528.82,537.72,525.28,533.74,2246200,0.0,0.0
2021-06-21,531.32,538.0,525.02,534.75,1123300,0.0,0.0
2021-06-22,536.0,547.0,535.0,546.03,1283300,0.0,0.0
2021-06-23,545.0,551.0,542.73,550.2,889900,0.0,0.0
2021-06-24,552.0,558.75,550.81,552.07,997000,0.0,0.0
2021-06-25,555.26,555.26,541.99,544.99,1512000,0.0,0.0
2021-06-28,548.0,552.71,546.75,552.17,815500,0.0,0.0
2021-06-29,555.24,561.89,552.53,558.59,1048800,0.0,0.0
2021-06-30,556.89,557.96,547.61,549.55,842300,0.0,0.0
2021-07-01,545.0,550.13,539.75,545.17,1165800,0.0,0.0
2021-07-02,548.25,554.74,547.2,551.83,681100,0.0,0.0
2021-07-06,554.29,563.79,552.19,558.49,795000,0.0,0.0
2021-07-07,560.9,563.26,553.07,561.78,1093500,0.0,0.0
2021-07-08,552.75,562.29,546.95,560.47,942000,0.0,0.0
2021-07-09,559.72,567.33,555.87,566.37,976600,0.0,0.0
2021-07-12,570.0,573.67,561.25,561.93,1279200,0.0,0.0
2021-07-13,561.0,566.35,555.0,559.33,868400,0.0,0.0
2021-07-14,563.96,567.3,558.78,562.94,1133400,0.0,0.0
2021-07-15,563.38,566.72,554.55,558.28,823600,0.0,0.0
2021-07-16,561.52,564.63,554.96,556.36,941000,0.0,0.0
2021-07-19,551.74,555.39,545.0,555.09,1108000,0.0,0.0
2021-07-20,560.0,569.16,554.61,565.25,870600,0.0,0.0
2021-07-21,562.49,567.13,558.54,567.13,754200,0.0,0.0
2021-07-22,572.08,579.4,570.45,576.7,938500,0.0,0.0
2021-07-23,580.0,588.48,577.82,586.18,890900,0.0,0.0
2021-07-26,584.8,584.85,575.01,584.2,1044200,0.0,0.0
2021-07-27,584.0,586.87,574.67,582.29,1462400,0.0,0.0
2021-07-28,582.0,587.0,576.01,583.35,1229200,0.0,0.0
2021-07-29,584.6,608.78,584.6,586.43,2539600,0.0,0.0
2021-07-30,579.71,595.89,575.94,587.89,1566000,0.0,0.0
2021-08-02,587.89,591.72,579.01,584.67,901100,0.0,0.0
2021-08-03,584.89,590.81,577.34,584.66,804600,0.0,0.0
2021-08-04,585.0,594.69,583.17,593.47,769700,0.0,0.0
2021-08-05,595.0,597.0,589.38,595.5,476100,0.0,0.0
2021-08-06,594.0,595.6,589.43,590.68,709200,0.0,0.0
2021-08-09,589.95,592.3,585.3,587.96,800900,0.0,0.0
2021-08-10,588.0,589.44,572.78,575.8,829500,0.0,0.0
2021-08-11,578.44,581.14,566.59,570.2,908200,0.0,0.0
2021-08-12,569.27,581.99,566.99,581.57,866300,0.0,0.0
2021-08-13,579.04,587.98,577.54,587.83,638800,0.0,0.0
2021-08-16,586.0,591.68,576.32,580.22,812900,0.0,0.0
2021-08-17,579.45,584.1,574.38,582.24,709800,0.0,0.0
2021-08-18,580.47,588.6,578.48,581.95,741800,0.0,0.0
2021-08-19,579.5,591.3,577.75,586.92,768000,0.0,0.0
2021-08-20,591.05,601.41,588.57,600.52,1003500,0.0,0.0
2021-08-23,602.0,621.0,602.0,619.43,1576600,0.0,0.0
2021-08-24,620.0,626.53,620.0,621.85,1016100,0.0,0.0
2021-08-25,623.0,627.77,616.66,621.07,909500,0.0,0.0
2021-08-26,622.62,630.23,621.1,624.03,1096300,0.0,0.0
2021-08-27,625.0,635.62,624.04,632.4,821200,0.0,0.0
2021-08-30,634.0,643.28,633.49,641.65,797500,0.0,0.0
2021-08-31,645.0,647.7,639.56,643.64,1246600,0.0,0.0
2021-09-01,643.6,652.56,642.5,650.85,936700,0.0,0.0
2021-09-02,654.0,661.78,652.39,660.31,1354000,0.0,0.0
2021-09-03,660.0,681.1,659.05,678.63,1145900,0.0,0.0
2021-09-07,678.63,679.0,660.21,661.09,1515800,0.0,0.0
2021-09-08,660.31,660.31,650.63,653.8,1113000,0.0,0.0
2021-09-09,655.78,656.37,649.0,650.19,802300,0.0,0.0
2021-09-10,653.11,655.76,646.74,647.98,754300,0.0,0.0
2021-09-13,649.0,649.08,630.67,639.08,1262200,0.0,0.0
2021-09-14,641.99,648.54,640.59,645.42,749400,0.0,0.0
2021-09-15,644.09,654.12,637.67,652.15,803200,0.0,0.0
2021-09-16,650.3,657.12,644.68,656.35,622300,0.0,0.0
2021-09-17,653.39,657.46,648.26,651.03,1298100,0.0,0.0
2021-09-20,644.36,650.58,640.12,648.73,957800,0.0,0.0
2021-09-21,650.0,657.18,645.63,654.2,755200,0.0,0.0
2021-09-22,658.0,665.5,650.68,662.65,816100,0.0,0.0
2021-09-23,668.0,670.49,663.01,664.22,871500,0.0,0.0
2021-09-24,662.1,667.0,655.0,666.31,499800,0.0,0.0
2021-09-27,659.88,660.0,646.21,649.56,902500,0.0,0.0
2021-09-28,633.67,636.84,610.0,612.52,1988800,0.0,0.0
2021-09-29,620.0,623.84,607.18,618.02,1228600,0.0,0.0
2021-09-30,620.2,626.99,618.24,622.27,948400,0.0,0.0
2021-10-01,623.78,635.41,614.33,632.8,1048900,0.0,0.0
2021-10-04,635.4,638.05,609.47,617.97,1173700,0.0,0.0
2021-10-05,622.47,639.54,622.0,633.42,1066200,0.0,0.0
2021-10-06,627.34,635.76,621.4,629.36,1038300,0.0,0.0
2021-10-07,636.43,648.36,635.43,637.92,1021400,0.0,0.0
2021-10-08,640.0,643.66,616.92,617.58,1715600,0.0,0.0
2021-10-11,618.02,627.31,612.14,615.85,915100,0.0,0.0
2021-10-12,622.36,633.0,620.24,629.13,796000,0.0,0.0
2021-10-13,630.0,641.08,630.0,639.41,1110800,0.0,0.0
2021-10-14,650.0,662.76,648.6,653.03,1326000,0.0,0.0
2021-10-15,656.86,665.61,654.9,663.18,919300,0.0,0.0
2021-10-18,663.5,666.3,657.33,666.22,1134700,0.0,0.0
2021-10-19,672.4,687.69,672.29,680.25,1472500,0.0,0.0
2021-10-20,684.23,686.73,671.18,681.11,872400,0.0,0.0
2021-10-21,680.0,687.29,676.87,686.34,649500,0.0,0.0
2021-10-22,686.0,692.97,683.42,686.65,928500,0.0,0.0
2021-10-25,686.65,693.47,684.5,688.85,586100,0.0,0.0
2021-10-26,692.69,693.0,675.55,676.71,1108500,0.0,0.0
2021-10-27,675.7,684.83,663.61,664.76,1500500,0.0,0.0
2021-10-28,671.51,694.0,671.3,687.7,2113300,0.0,0.0
2021-10-29,686.35,698.43,682.15,697.76,1107100,0.0,0.0
2021-11-01,700.0,704.82,676.66,681.98,1163500,0.0,0.0
2021-11-02,685.99,687.5,680.5,686.59,682600,0.0,0.0
2021-11-03,689.1,689.1,672.22,687.67,662500,0.0,0.0
2021-11-04,690.0,707.6,689.14,701.73,833500,0.0,0.0
2021-11-05,702.0,702.74,686.9,692.01,596100,0.0,0.0
2021-11-08,693.72,696.59,689.15,692.28,798100,0.0,0.0
2021-11-09,695.31,697.28,685.6,691.27,499800,0.0,0.0
2021-11-10,686.79,687.93,663.82,670.91,1279800,0.0,0.0
2021-11-11,679.69,681.34,673.89,679.25,1015000,0.0,0.0
2021-11-12,685.0,691.74,681.44,691.4,991700,0.0,0.0
2021-11-15,689.46,689.9,678.71,682.57,812000,0.0,0.0
2021-11-16,684.99,692.56,682.11,692.55,926700,0.0,0.0
2021-11-17,694.33,695.61,683.9,684.93,691500,0.0,0.0
2021-11-18,682.47,684.56,674.14,675.84,751400,0.0,0.0
2021-11-19,680.31,687.26,674.18,675.97,1051300,0.0,0.0
2021-11-22,675.71,683.96,651.36,656.38,1194200,0.0,0.0
2021-11-23,650.0,654.43,627.41,636.91,1844700,0.0,0.0
2021-11-24,629.96,649.42,624.14,649.31,837000,0.0,0.0
2021-11-26,644.52,661.07,644.52,649.55,729500,0.0,0.0
2021-11-29,659.63,676.5,651.11,672.82,1081400,0.0,0.0
2021-11-30,674.63,679.62,642.65,647.7,2146400,0.0,0.0
2021-12-01,650.36,657.96,599.34,599.57,2318100,0.0,0.0
2021-12-02,599.57,625.8,598.64,623.37,1460000,0.0,0.0
2021-12-03,627.69,628.76,593.16,613.11,1854800,0.0,0.0
2021-12-06,601.58,619.66,594.05,616.54,1440300,0.0,0.0
2021-12-07,630.99,668.16,630.0,663.39,1850000,0.0,0.0
2021-12-08,660.0,672.97,651.05,665.81,930200,0.0,0.0
2021-12-09,666.0,669.11,641.25,642.15,1089100,0.0,0.0
2021-12-10,647.19,658.18,640.2,647.0,850300,0.0,0.0
2021-12-13,644.65,661.17,642.67,655.94,999500,0.0,0.0
2021-12-14,642.09,646.9,607.19,624.69,1659700,0.0,0.0
2021-12-15,626.66,648.07,624.58,647.04,1581500,0.0,0.0
2021-12-16,639.39,643.8,606.69,608.98,1588300,0.0,0.0
2021-12-17,596.7,620.65,587.02,615.63,3418700,0.0,0.0
2021-12-20,605.0,614.06,601.22,605.37,996700,0.0,0.0
2021-12-21,612.5,635.34,605.0,631.32,1129100,0.0,0.0
2021-12-22,631.46,648.89,625.6,643.93,1010700,0.0,0.0
2021-12-23,645.96,651.69,641.03,648.57,664700,0.0,0.0
2021-12-27,655.98,664.95,651.97,663.28,680900,0.0,0.0
2021-12-28,667.64,667.64,653.0,654.0,482200,0.0,0.0
2021-12-29,655.18,658.86,646.02,654.58,441800,0.0,0.0
2021-12-30,656.2,663.17,653.84,654.54,490900,0.0,0.0
2021-12-31,652.02,658.59,648.87,649.11,464600,0.0,0.0
2022-01-03,648.16,651.41,625.42,630.14,1043700,0.0,0.0
2022-01-04,628.39,628.82,576.97,603.94,2980600,0.0,0.0
2022-01-05,589.0,607.5,571.48,572.76,2096100,0.0,0.0
2022-01-06,567.4,589.45,555.0,574.04,1674500,0.0,0.0
2022-01-07,570.69,585.58,558.33,566.39,1190500,0.0,0.0
2022-01-10,550.1,573.1,535.81,572.0,1967600,0.0,0.0
2022-01-11,569.88,580.24,561.75,578.44,1340000,0.0,0.0
2022-01-12,587.32,591.52,569.62,573.39,1717200,0.0,0.0
2022-01-13,575.02,575.84,520.0,521.26,3904900,0.0,0.0
2022-01-14,521.26,538.54,514.66,531.02,3237600,0.0,0.0
2022-01-18,524.7,544.46,517.59,522.34,2386600,0.0,0.0
2022-01-19,525.42,543.73,520.64,521.29,2570500,0.0,0.0
2022-01-20,532.21,542.8,513.72,515.0,1885600,0.0,0.0
2022-01-21,510.0,528.88,507.13,507.74,2605600,0.0,0.0
2022-01-24,500.29,527.62,484.43,525.84,3420500,0.0,0.0
2022-01-25,515.45,517.6,484.44,495.08,2878700,0.0,0.0
2022-01-26,514.28,520.99,479.35,484.42,3475300,0.0,0.0
2022-01-27,553.53,556.99,518.14,528.69,5506100,0.0,0.0
2022-01-28,528.69,563.5,507.8,561.08,3807800,0.0,0.0
2022-01-31,567.27,588.4,564.96,585.78,2654100,0.0,0.0
2022-02-01,584.9,590.71,576.96,586.54,1841700,0.0,0.0
2022-02-02,594.85,594.85,573.08,581.15,1313200,0.0,0.0
2022-02-03,568.21,582.04,559.3,560.85,1355800,0.0,0.0
2022-02-04,559.99,587.37,554.78,577.52,1250400,0.0,0.0
2022-02-07,577.99,588.44,570.47,573.2,988500,0.0,0.0
2022-02-08,564.2,592.0,563.97,591.27,1396400,0.0,0.0
2022-02-09,598.85,614.33,598.0,613.97,1665400,0.0,0.0
2022-02-10,600.47,621.41,599.96,610.46,1981300,0.0,0.0
2022-02-11,603.45,610.0,577.62,583.72,2140000,0.0,0.0
2022-02-14,578.87,589.33,574.18,579.58,1240000,0.0,0.0
2022-02-15,587.81,593.88,581.22,591.66,987000,0.0,0.0
2022-02-16,585.84,593.03,576.48,590.89,1100400,0.0,0.0
2022-02-17,584.08,587.16,564.59,565.75,1069300,0.0,0.0
2022-02-18,565.96,569.0,551.52,556.01,1276700,0.0,0.0
2022-02-22,544.07,561.95,539.4,550.15,1162000,0.0,0.0
2022-02-23,550.15,553.42,522.66,524.7,1863900,0.0,0.0
2022-02-24,508.25,575.97,502.46,573.95,2367600,0.0,0.0
2022-02-25,568.96,580.3,564.05,580.23,1053900,0.0,0.0
2022-02-28,578.2,585.54,570.92,579.92,1496100,0.0,0.0
2022-03-01,583.82,599.58,566.79,571.07,1588500,0.0,0.0
2022-03-02,578.32,590.76,560.02,587.06,1090100,0.0,0.0
2022-03-03,592.02,593.33,556.7,562.31,1468600,0.0,0.0
2022-03-04,555.49,569.1,542.41,547.07,1381400,0.0,0.0
2022-03-07,553.37,563.1,518.68,519.62,2145600,0.0,0.0
2022-03-08,510.0,535.9,504.46,518.2,1479500,0.0,0.0
2022-03-09,536.46,565.78,533.11,559.58,1647700,0.0,0.0
2022-03-10,548.58,551.92,530.92,533.59,1764300,0.0,0.0
2022-03-11,542.64,544.55,511.36,512.15,1228900,0.0,0.0
2022-03-14,514.96,526.32,492.05,495.1,1637600,0.0,0.0
2022-03-15,500.18,517.6,491.31,514.22,1331600,0.0,0.0
2022-03-16,528.51,548.76,517.39,547.4,1825400,0.0,0.0
2022-03-17,540.38,567.97,540.38,566.68,1284800,0.0,0.0
2022-03-18,577.6,583.86,566.75,579.88,2308500,0.0,0.0
2022-03-21,575.0,580.61,555.37,569.8,1416300,0.0,0.0
2022-03-22,570.71,597.74,570.1,588.66,1351000,0.0,0.0
2022-03-23,573.64,579.83,562.47,567.96,1112900,0.0,0.0
2022-03-24,570.0,582.73,562.31,581.09,985500,0.0,0.0
2022-03-25,581.04,583.61,556.8,561.87,1357100,0.0,0.0
2022-03-28,567.33,583.88,561.98,582.76,1306300,0.0,0.0
2022-03-29,590.22,601.62,577.64,597.75,1317900,0.0,0.0
2022-03-30,590.12,591.05,570.72,573.99,1514800,0.0,0.0
2022-03-31,573.99,576.99,556.39,556.89,2039400,0.0,0.0
2022-04-01,556.1,561.52,544.03,548.69,1931800,0.0,0.0
2022-04-04,548.0,575.81,546.52,574.82,1532700,0.0,0.0
2022-04-05,570.0,571.48,550.79,553.22,1155700,0.0,0.0
2022-04-06,542.82,542.82,519.68,527.95,1624900,0.0,0.0
2022-04-07,525.63,541.9,519.94,529.78,1155500,0.0,0.0
2022-04-08,525.0,529.38,514.22,515.6,1241000,0.0,0.0
2022-04-11,507.87,519.77,499.57,511.42,1422800,0.0,0.0
2022-04-12,522.59,534.13,508.95,510.21,1724400,0.0,0.0
2022-04-13,514.07,529.62,510.81,526.07,1389300,0.0,0.0
2022-04-14,524.9,525.91,506.72,507.33,1208800,0.0,0.0
2022-04-18,506.67,506.67,493.4,497.53,1309900,0.0,0.0
2022-04-19,498.78,520.72,492.07,514.4,1509500,0.0,0.0
2022-04-20,520.36,522.1,502.98,505.22,1189400,0.0,0.0
2022-04-21,511.55,521.69,488.84,491.67,1414300,0.0,0.0
2022-04-22,493.45,497.73,469.1,471.4,1761000,0.0,0.0
2022-04-25,464.75,477.38,464.26,472.27,1815100,0.0,0.0
2022-04-26,471.92,472.16,453.92,456.0,1894200,0.0,0.0
2022-04-27,462.74,474.41,459.43,466.29,2680100,0.0,0.0
2022-04-28,508.0,514.0,484.76,504.02,3763400,0.0,0.0
2022-04-29,489.18,508.99,477.08,478.1,1455200,0.0,0.0
2022-05-02,474.69,485.31,469.02,484.5,1411000,0.0,0.0
2022-05-03,481.98,488.39,469.62,481.86,1304900,0.0,0.0
2022-05-04,485.24,501.11,460.09,499.46,1849500,0.0,0.0
2022-05-05,494.89,495.48,461.98,469.33,1917900,0.0,0.0
2022-05-06,462.56,468.47,438.12,456.74,1965300,0.0,0.0
2022-05-09,443.0,450.31,422.61,425.87,2847900,0.0,0.0
2022-05-10,441.0,444.41,416.56,432.32,1895500,0.0,0.0
2022-05-11,426.17,447.98,418.71,420.36,1894700,0.0,0.0
2022-05-12,418.59,443.11,406.47,432.94,2701900,0.0,0.0
2022-05-13,437.74,459.69,436.34,452.65,2093500,0.0,0.0
2022-05-16,446.25,451.79,430.78,432.93,1662800,0.0,0.0
2022-05-17,445.92,451.48,417.06,432.85,2137600,0.0,0.0
2022-05-18,428.5,434.62,408.22,412.25,1778700,0.0,0.0
2022-05-19,414.48,435.72,410.32,426.76,2044700,0.0,0.0
2022-05-20,437.67,446.68,419.87,433.03,1725300,0.0,0.0
2022-05-23,430.92,438.93,424.31,430.12,1952700,0.0,0.0
2022-05-24,426.5,430.11,411.04,419.65,1732500,0.0,0.0
2022-05-25,423.45,457.6,421.87,452.29,3258400,0.0,0.0
2022-05-26,450.14,460.75,444.0,454.87,1789900,0.0,0.0
2022-05-27,463.19,479.97,462.89,476.29,1950200,0.0,0.0
2022-05-31,472.05,476.38,462.65,467.47,2411800,0.0,0.0
2022-06-01,491.04,496.98,470.73,475.13,1669900,0.0,0.0
2022-06-02,469.66,510.73,469.66,504.8,2004700,0.0,0.0
2022-06-03,495.84,505.66,484.7,492.48,1128900,0.0,0.0
2022-06-06,497.02,501.01,487.4,492.54,944300,0.0,0.0
2022-06-07,487.7,510.45,485.2,506.43,1297000,0.0,0.0
2022-06-08,501.92,509.36,500.53,505.42,1115400,0.0,0.0
2022-06-09,500.63,507.78,491.94,492.22,953200,0.0,0.0
2022-06-10,482.73,487.9,468.8,473.15,1243600,0.0,0.0
2022-06-13,450.0,458.85,439.0,440.37,1493300,0.0,0.0
2022-06-14,441.9,451.52,437.87,444.75,1078800,0.0,0.0
2022-06-15,449.52,475.46,449.07,465.95,1950800,0.0,0.0
2022-06-16,447.69,455.62,424.17,428.08,3030900,0.0,0.0
2022-06-17,430.13,451.05,429.03,443.79,2362400,0.0,0.0
2022-06-21,449.86,461.54,449.85,455.27,1136200,0.0,0.0
2022-06-22,450.21,466.1,448.33,458.65,983800,0.0,0.0
2022-06-23,466.29,486.75,466.29,485.53,1439400,0.0,0.0
2022-06-24,495.16,506.38,493.99,504.09,1700200,0.0,0.0
2022-06-27,506.37,509.7,489.23,496.7,1127200,0.0,0.0
2022-06-28,496.7,500.26,471.02,473.44,1254400,0.0,0.0
2022-06-29,473.61,483.46,467.5,477.79,978500,0.0,0.0
2022-06-30,472.74,479.92,459.64,475.52,1774100,0.0,0.0
2022-07-01,474.93,485.45,469.09,484.36,1505800,0.0,0.0
2022-07-05,480.21,497.5,474.01,495.93,1463600,0.0,0.0
2022-07-06,500.37,506.45,487.9,493.31,1053500,0.0,0.0
2022-07-07,490.17,501.91,490.17,497.05,1251900,0.0,0.0
2022-07-08,489.28,499.42,485.83,494.15,1486200,0.0,0.0
2022-07-11,488.97,495.54,480.6,490.4,959100,0.0,0.0
2022-07-12,461.25,466.73,424.79,427.94,6864300,0.0,0.0
2022-07-13,416.01,434.71,411.66,422.77,3186400,0.0,0.0
2022-07-14,416.5,430.43,407.5,420.97,2165300,0.0,0.0
2022-07-15,431.35,440.76,427.59,435.62,2157400,0.0,0.0
2022-07-18,437.59,442.48,426.01,426.74,1811300,0.0,0.0
2022-07-19,432.22,436.91,420.26,435.94,1422800,0.0,0.0
2022-07-20,442.9,458.29,440.99,456.85,1463600,0.0,0.0
2022-07-21,449.4,460.83,440.01,460.29,2047900,0.0,0.0
2022-07-22,460.61,465.88,443.84,446.77,1251300,0.0,0.0
2022-07-25,445.43,445.69,436.66,440.0,1031300,0.0,0.0
2022-07-26,443.6,443.6,417.78,422.82,1834500,0.0,0.0
2022-07-27,432.05,450.13,428.63,448.6,2255200,0.0,0.0
2022-07-28,431.23,446.31,423.69,436.5,3914200,0.0,0.0
2022-07-29,429.23,448.77,426.43,446.66,2019600,0.0,0.0
2022-08-01,438.99,455.57,435.7,453.77,1729500,0.0,0.0
2022-08-02,444.66,461.07,442.25,454.44,1112900,0.0,0.0
2022-08-03,460.75,472.91,457.16,471.45,1400500,0.0,0.0
2022-08-04,467.79,495.48,463.63,493.0,3326500,0.0,0.0
2022-08-05,478.08,503.27,475.26,494.85,2977700,0.0,0.0
2022-08-08,495.1,503.48,491.99,494.95,1636900,0.0,0.0
2022-08-09,492.28,497.77,483.49,487.46,983300,0.0,0.0
2022-08-10,501.96,516.62,500.98,516.2,1831900,0.0,0.0
2022-08-11,520.0,521.58,497.42,499.45,1481800,0.0,0.0
2022-08-12,504.44,508.0,492.99,506.51,1662200,0.0,0.0
2022-08-15,502.0,511.0,498.56,504.07,992900,0.0,0.0
2022-08-16,499.0,500.4,491.55,496.74,1432400,0.0,0.0
2022-08-17,489.0,493.66,485.48,488.76,875400,0.0,0.0
2022-08-18,486.36,490.46,480.22,489.6,981600,0.0,0.0
2022-08-19,484.17,484.69,473.32,476.26,981400,0.0,0.0
2022-08-22,466.57,469.24,455.77,459.71,1019300,0.0,0.0
2022-08-23,459.99,464.07,456.38,459.99,790200,0.0,0.0
2022-08-24,460.29,463.42,455.16,457.52,835300,0.0,0.0
2022-08-25,456.4,466.33,453.3,466.03,1056700,0.0,0.0
2022-08-26,467.29,467.5,444.67,444.69,898000,0.0,0.0
2022-08-29,440.0,447.58,435.51,435.78,859900,0.0,0.0
2022-08-30,442.5,444.08,429.51,436.84,960500,0.0,0.0
2022-08-31,440.0,446.0,433.84,434.62,1396000,0.0,0.0
2022-09-01,429.81,431.7,416.68,430.56,1579400,0.0,0.0
2022-09-02,438.37,447.49,431.28,434.51,1557700,0.0,0.0
2022-09-06,430.11,437.76,424.35,430.47,959800,0.0,0.0
2022-09-07,430.99,446.39,430.2,444.16,881800,0.0,0.0
2022-09-08,439.04,453.25,438.08,450.77,1211300,0.0,0.0
2022-09-09,458.08,471.92,457.51,470.03,1392000,0.0,0.0
2022-09-12,475.2,482.69,469.26,476.29,1175000,0.0,0.0
2022-09-13,450.0,458.38,449.4,452.38,1449600,0.0,0.0
2022-09-14,454.37,460.57,448.21,457.49,1031500,0.0,0.0
2022-09-15,444.92,457.81,434.21,435.55,1965000,0.0,0.0
2022-09-16,431.47,434.01,421.11,425.8,2138100,0.0,0.0
2022-09-19,422.8,426.5,418.84,425.05,885600,0.0,0.0
2022-09-20,421.5,421.5,411.01,411.2,1658100,0.0,0.0
2022-09-21,415.19,418.94,401.39,401.43,2521900,0.0,0.0
2022-09-22,399.87,404.46,386.7,386.97,2417900,0.0,0.0
2022-09-23,382.93,387.33,374.36,377.04,2212200,0.0,0.0
2022-09-26,376.48,382.61,367.71,370.1,2377200,0.0,0.0
2022-09-27,376.76,379.3,371.2,378.95,2127400,0.0,0.0
2022-09-28,378.44,390.39,376.42,388.85,1538800,0.0,0.0
2022-09-29,382.88,386.31,377.74,385.5,1497400,0.0,0.0
2022-09-30,385.0,396.08,377.18,377.61,1825700,0.0,0.0
2022-10-03,380.08,394.02,374.73,391.71,2327600,0.0,0.0
2022-10-04,402.13,413.66,400.83,411.55,1978800,0.0,0.0
2022-10-05,402.75,425.75,402.01,420.58,1771800,0.0,0.0
2022-10-06,422.12,433.39,416.54,418.43,1743600,0.0,0.0
2022-10-07,410.0,412.43,398.96,401.21,1235500,0.0,0.0
2022-10-10,401.39,402.21,377.15,381.78,1790300,0.0,0.0
2022-10-11,381.65,381.72,366.88,371.3,2042800,0.0,0.0
2022-10-12,372.49,376.31,365.94,369.13,1836600,0.0,0.0
2022-10-13,347.75,366.57,337.0,361.9,2740000,0.0,0.0
2022-10-14,366.02,366.85,340.9,341.76,3201100,0.0,0.0
2022-10-17,351.43,358.88,347.51,348.61,2571600,0.0,0.0
2022-10-18,362.34,367.47,351.05,356.79,2099400,0.0,0.0
2022-10-19,350.71,359.86,350.52,355.44,1384200,0.0,0.0
2022-10-20,356.13,366.47,351.04,356.26,1655700,0.0,0.0
2022-10-21,353.31,361.64,347.29,360.67,1451300,0.0,0.0
2022-10-24,368.0,370.9,359.25,366.56,1665700,0.0,0.0
2022-10-25,368.58,377.5,365.0,376.66,2132500,0.0,0.0
2022-10-26,353.8,382.58,351.0,366.41,3600000,0.0,0.0
2022-10-27,426.96,427.63,408.61,415.67,5625800,0.0,0.0
2022-10-28,416.23,421.44,403.77,420.4,3122200,0.0,0.0
2022-10-31,418.0,428.23,414.91,420.74,1898500,0.0,0.0
2022-11-01,427.08,430.24,416.6,418.56,1359900,0.0,0.0
2022-11-02,419.33,419.33,392.34,392.68,1771700,0.0,0.0
2022-11-03,390.62,395.62,384.86,385.56,1379100,0.0,0.0
2022-11-04,388.51,389.93,354.18,361.75,2838300,0.0,0.0
2022-11-07,365.0,365.08,351.25,363.2,1718400,0.0,0.0
2022-11-08,365.0,375.29,359.1,371.14,1572300,0.0,0.0
2022-11-09,365.0,368.83,361.2,361.27,1152600,0.0,0.0
2022-11-10,393.26,410.55,390.64,404.06,2913500,0.0,0.0
2022-11-11,406.99,424.46,404.72,409.91,2144300,0.0,0.0
2022-11-14,401.51,406.6,391.22,400.4,1558900,0.0,0.0
2022-11-15,414.21,425.39,414.21,419.48,1847600,0.0,0.0
2022-11-16,415.4,417.5,405.42,412.2,1168300,0.0,0.0
2022-11-17,402.85,408.77,397.85,400.58,1525600,0.0,0.0
2022-11-18,407.91,410.0,394.28,399.38,1205300,0.0,0.0
2022-11-21,394.2,395.97,382.5,387.38,1335200,0.0,0.0
2022-11-22,389.49,401.93,384.05,400.28,1375500,0.0,0.0
2022-11-23,399.84,410.6,396.75,409.37,1040800,0.0,0.0
2022-11-25,406.68,409.61,403.98,407.21,401400,0.0,0.0
2022-11-28,403.94,406.22,397.48,401.93,1046300,0.0,0.0
2022-11-29,400.87,402.17,394.68,396.85,1019600,0.0,0.0
2022-11-30,394.11,417.27,393.01,416.3,2088200,0.0,0.0
2022-12-01,416.16,431.42,414.72,425.6,1779800,0.0,0.0
2022-12-02,417.23,421.6,409.73,412.87,1244900,0.0,0.0
2022-12-05,406.0,409.87,385.17,392.26,1716800,0.0,0.0
2022-12-06,392.24,394.82,381.56,389.15,1473600,0.0,0.0
2022-12-07,389.27,395.8,385.05,388.52,1012300,0.0,0.0
2022-12-08,392.09,398.04,385.22,396.23,1032400,0.0,0.0
2022-12-09,394.07,403.27,393.05,393.58,838500,0.0,0.0
2022-12-12,395.56,407.06,394.71,401.64,1475900,0.0,0.0
2022-12-13,424.43,432.17,410.1,416.17,1945000,0.0,0.0
2022-12-14,416.51,429.23,411.55,418.39,1495700,0.0,0.0
2022-12-15,408.25,413.87,399.71,400.64,1162200,0.0,0.0
2022-12-16,399.83,404.36,392.14,394.37,1872500,0.0,0.0
2022-12-19,394.3,397.99,381.01,382.3,1396800,0.0,0.0
2022-12-20,376.5,388.37,375.82,386.47,954800,0.0,0.0
2022-12-21,387.13,395.36,381.15,391.91,963200,0.0,0.0
2022-12-22,383.97,386.77,373.65,379.94,1283000,0.0,0.0
2022-12-23,375.0,381.9,371.47,381.86,856600,0.0,0.0
2022-12-27,380.15,383.83,374.11,380.64,828900,0.0,0.0
2022-12-28,380.43,385.62,372.74,376.05,772100,0.0,0.0
2022-12-29,380.95,392.12,379.01,389.85,920500,0.0,0.0
2022-12-30,383.8,389.67,382.29,388.27,699300,0.0,0.0
